Invoice ID,Line Number,Line Type,Amount,Invoice Quantity,Unit Price,UOM,Description,PO Number,PO Line Number,PO Schedule Number,PO Distribute Number,Item Description,PO Release Number,Purchasing Category,Receipt Number,Receipt Line Number,Consumption Advice Number,Consumption Advice Line Number,Packing Slip,Final Match,Distribution Combination,Distribution Set,Accounting Date,Overlay Account Segment,Overlay Primary Balancing Segment,Overlay Cost Center Segment,Tax Classification Code,Ship-to Location,Ship-from Location,Location of Final Discharge,Transaction Business Category,Product Fiscal Classification,Intended Use,User-Defined Fiscal Classification,Product Type,Assessable Value,Product Category,Tax Control Amount,Tax Regime Code,Tax,Tax Status Code,Tax Jurisdiction Code,Tax Rate Code,Tax Rate,Withholding Tax Group,Income Tax Type,Income Tax Region,Prorate Across All Item Lines,Line Group Number,Cost Factor Name,Statistical Quantity,Track as Asset,Asset Book Type Code,Asset Category ID,Serial Number,Manufacturer,Model Number,Warranty Number,Price Correction Line,Price Correction Invoice Number,Price Correction Invoice Line Number,Requester First Name,Requester Last Name,Requester Employee Number,Attribute Category,Attribute 1,Attribute 2,Attribute 3,Attribute 4,Attribute 5,Attribute 6,Attribute 7,Attribute 8,Attribute 9,Attribute 10,Attribute 11,Attribute 12,Attribute 13,Attribute 14,Attribute 15,Attribute Number 1,Attribute Number 2,Attribute Number 3,Attribute Number 4,Attribute Number 5,Attribute Date 1,Attribute Date 2,Attribute Date 3,Attribute Date 4,Attribute Date 5,Global Attribute Category,Global Attribute 1,Global Attribute 2,Global Attribute 3,Global Attribute 4,Global Attribute 5,Global Attribute 6,Global Attribute 7,Global Attribute 8,Global Attribute 9,Global Attribute 10,Global Attribute 11,Global Attribute 12,Global Attribute 13,Global Attribute 14,Global Attribute 15,Global Attribute 16,Global Attribute 17,Global Attribute 18,Global Attribute 19,Global Attribute 20,Global Attribute Number 1,Global Attribute Number 2,Global Attribute Number 3,Global Attribute Number 4,Global Attribute Number 5,Global Attribute Date 1,Global Attribute Date 2,Global Attribute Date 3,Global Attribute Date 4,Global Attribute Date 5,Project ID,Task ID,Expenditure Type ID,Expenditure Item Date,Ependiture Organization ID,Project Number,Task Number,Expenditure Type,Expenditure Organization,Funding Source ID,PJC Reserved Attribute 2,PJC Reserved Attribute 3,PJC Reserved Attribute 4,PJC Reserved Attribute 5,PJC Reserved Attribute 6,PJC Reserved Attribute 7,PJC Reserved Attribute 8,PJC Reserved Attribute 9,PJC Reserved Attribute 10,PJC User Defined Attribute 1,PJC User Defined Attribute 2,PJC User Defined Attribute 3,PJC User Defined Attribute 4,PJC User Defined Attribute 5,PJC User Defined Attribute 6,PJC User Defined Attribute 7,PJC User Defined Attribute 8,PJC User Defined Attribute 9,PJC User Defined Attribute 10,Fiscal Charge Type,Multiperiod Accounting Start Date,Multiperiod Accounting End Date,Multiperiod Accounting Accrual Account
15145001,1,Item,40.56,,,,,,,,,,,,,,,,,N,1100-5101-3910-652-8640-00000-000-0000-00000-0000-000,,2019/02/01,,,,,,,,,,,,,,,,,,,,,,,,,,,,,N,,,,,,,,,,,,,,,,,,,,,,,,,,,,,,,,,,2019/02/01,,,,,,,,,,,,,,,,,,,,,,,,,,,,,,,,,,,,,,,,,,,,,,,,,,,,,,,,,,,,,,,,,,,,
15145001,2,Item,2.88,,,,,,,,,,,,,,,,,N,1100-5103-3910-754-5130-00000-000-0000-00000-0000-000,,2019/02/01,,,,,,,,,,,,,,,,,,,,,,,,,,,,,N,,,,,,,,,,,,,,,,,,,,,,,,,,,,,,,,,,2019/02/01,,,,,,,,,,,,,,,,,,,,,,,,,,,,,,,,,,,,,,,,,,,,,,,,,,,,,,,,,,,,,,,,,,,,
15145001,3,Item,3.60,,,,,,,,,,,,,,,,,N,1100-9100-3910-670-1010-14650-000-0000-00000-0000-000,,2019/02/01,,,,,,,,,,,,,,,,,,,,,,,,,,,,,N,,,,,,,,,,,,,,,,,,,,,,,,,,,,,,,,,,2019/02/01,,,,,,,,,,,,,,,,,,,,,,,,,,,,,,,,,,,,,,,,,,,,,,,,,,,,,,,,,,,,,,,,,,,,
15145001,4,Item,38.82,,,,,,,,,,,,,,,,,N,1100-7300-3910-733-1010-00000-000-0000-00000-0000-000,,2019/02/01,,,,,,,,,,,,,,,,,,,,,,,,,,,,,N,,,,,,,,,,,,,,,,,,,,,,,,,,,,,,,,,,2019/02/01,,,,,,,,,,,,,,,,,,,,,,,,,,,,,,,,,,,,,,,,,,,,,,,,,,,,,,,,,,,,,,,,,,,,
15145001,5,Item,40.15,,,,,,,,,,,,,,,,,N,1100-7300-3910-618-1010-00000-000-0000-00000-0000-000,,2019/02/01,,,,,,,,,,,,,,,,,,,,,,,,,,,,,N,,,,,,,,,,,,,,,,,,,,,,,,,,,,,,,,,,2019/02/01,,,,,,,,,,,,,,,,,,,,,,,,,,,,,,,,,,,,,,,,,,,,,,,,,,,,,,,,,,,,,,,,,,,,
15145001,6,Item,25.07,,,,,,,,,,,,,,,,,N,1100-5102-3910-737-5080-00000-000-0000-00000-0000-000,,2019/02/01,,,,,,,,,,,,,,,,,,,,,,,,,,,,,N,,,,,,,,,,,,,,,,,,,,,,,,,,,,,,,,,,2019/02/01,,,,,,,,,,,,,,,,,,,,,,,,,,,,,,,,,,,,,,,,,,,,,,,,,,,,,,,,,,,,,,,,,,,,
15145001,7,Item,46.49,,,,,,,,,,,,,,,,,N,1100-7300-3910-649-1010-00000-000-0000-00000-0000-000,,2019/02/01,,,,,,,,,,,,,,,,,,,,,,,,,,,,,N,,,,,,,,,,,,,,,,,,,,,,,,,,,,,,,,,,2019/02/01,,,,,,,,,,,,,,,,,,,,,,,,,,,,,,,,,,,,,,,,,,,,,,,,,,,,,,,,,,,,,,,,,,,,
15145001,8,Item,0.60,,,,,,,,,,,,,,,,,N,1100-5102-3910-737-5080-00000-000-0000-00000-0000-000,,2019/02/01,,,,,,,,,,,,,,,,,,,,,,,,,,,,,N,,,,,,,,,,,,,,,,,,,,,,,,,,,,,,,,,,2019/02/01,,,,,,,,,,,,,,,,,,,,,,,,,,,,,,,,,,,,,,,,,,,,,,,,,,,,,,,,,,,,,,,,,,,,
15145001,9,Item,21.42,,,,,,,,,,,,,,,,,N,1100-7300-3910-649-1010-00000-000-0000-00000-0000-000,,2019/02/01,,,,,,,,,,,,,,,,,,,,,,,,,,,,,N,,,,,,,,,,,,,,,,,,,,,,,,,,,,,,,,,,2019/02/01,,,,,,,,,,,,,,,,,,,,,,,,,,,,,,,,,,,,,,,,,,,,,,,,,,,,,,,,,,,,,,,,,,,,
15145001,10,Item,68.09,,,,,,,,,,,,,,,,,N,1100-7300-3910-649-1010-00000-000-0000-00000-0000-000,,2019/02/01,,,,,,,,,,,,,,,,,,,,,,,,,,,,,N,,,,,,,,,,,,,,,,,,,,,,,,,,,,,,,,,,2019/02/01,,,,,,,,,,,,,,,,,,,,,,,,,,,,,,,,,,,,,,,,,,,,,,,,,,,,,,,,,,,,,,,,,,,,
15145001,11,Item,0.93,,,,,,,,,,,,,,,,,N,1100-9100-3910-670-1010-14650-000-0000-00000-0000-000,,2019/02/01,,,,,,,,,,,,,,,,,,,,,,,,,,,,,N,,,,,,,,,,,,,,,,,,,,,,,,,,,,,,,,,,2019/02/01,,,,,,,,,,,,,,,,,,,,,,,,,,,,,,,,,,,,,,,,,,,,,,,,,,,,,,,,,,,,,,,,,,,,
15145001,12,Item,15.22,,,,,,,,,,,,,,,,,N,1100-7300-3910-739-1010-00000-000-0000-00000-0000-000,,2019/02/01,,,,,,,,,,,,,,,,,,,,,,,,,,,,,N,,,,,,,,,,,,,,,,,,,,,,,,,,,,,,,,,,2019/02/01,,,,,,,,,,,,,,,,,,,,,,,,,,,,,,,,,,,,,,,,,,,,,,,,,,,,,,,,,,,,,,,,,,,,
15145001,13,Item,33.27,,,,,,,,,,,,,,,,,N,1100-5101-3910-605-5070-00000-000-0000-00000-0000-000,,2019/02/01,,,,,,,,,,,,,,,,,,,,,,,,,,,,,N,,,,,,,,,,,,,,,,,,,,,,,,,,,,,,,,,,2019/02/01,,,,,,,,,,,,,,,,,,,,,,,,,,,,,,,,,,,,,,,,,,,,,,,,,,,,,,,,,,,,,,,,,,,,
15145001,14,Item,75.13,,,,,,,,,,,,,,,,,N,1100-9100-3910-639-1010-14650-000-0000-00000-0000-000,,2019/02/01,,,,,,,,,,,,,,,,,,,,,,,,,,,,,N,,,,,,,,,,,,,,,,,,,,,,,,,,,,,,,,,,2019/02/01,,,,,,,,,,,,,,,,,,,,,,,,,,,,,,,,,,,,,,,,,,,,,,,,,,,,,,,,,,,,,,,,,,,,
15145001,15,Item,46.23,,,,,,,,,,,,,,,,,N,1100-9100-3910-639-1010-14650-000-0000-00000-0000-000,,2019/02/01,,,,,,,,,,,,,,,,,,,,,,,,,,,,,N,,,,,,,,,,,,,,,,,,,,,,,,,,,,,,,,,,2019/02/01,,,,,,,,,,,,,,,,,,,,,,,,,,,,,,,,,,,,,,,,,,,,,,,,,,,,,,,,,,,,,,,,,,,,
15145001,16,Item,3.60,,,,,,,,,,,,,,,,,N,1100-5101-3910-644-5070-00000-000-0000-00000-0000-000,,2019/02/01,,,,,,,,,,,,,,,,,,,,,,,,,,,,,N,,,,,,,,,,,,,,,,,,,,,,,,,,,,,,,,,,2019/02/01,,,,,,,,,,,,,,,,,,,,,,,,,,,,,,,,,,,,,,,,,,,,,,,,,,,,,,,,,,,,,,,,,,,,
15145001,17,Item,17.92,,,,,,,,,,,,,,,,,N,1100-5101-3910-644-5070-00000-000-0000-00000-0000-000,,2019/02/01,,,,,,,,,,,,,,,,,,,,,,,,,,,,,N,,,,,,,,,,,,,,,,,,,,,,,,,,,,,,,,,,2019/02/01,,,,,,,,,,,,,,,,,,,,,,,,,,,,,,,,,,,,,,,,,,,,,,,,,,,,,,,,,,,,,,,,,,,,
15145001,18,Item,21.14,,,,,,,,,,,,,,,,,N,1100-5101-3910-605-5070-00000-000-0000-00000-0000-000,,2019/02/01,,,,,,,,,,,,,,,,,,,,,,,,,,,,,N,,,,,,,,,,,,,,,,,,,,,,,,,,,,,,,,,,2019/02/01,,,,,,,,,,,,,,,,,,,,,,,,,,,,,,,,,,,,,,,,,,,,,,,,,,,,,,,,,,,,,,,,,,,,
15145001,19,Item,31.19,,,,,,,,,,,,,,,,,N,1100-9100-3910-639-1010-14650-000-0000-00000-0000-000,,2019/02/01,,,,,,,,,,,,,,,,,,,,,,,,,,,,,N,,,,,,,,,,,,,,,,,,,,,,,,,,,,,,,,,,2019/02/01,,,,,,,,,,,,,,,,,,,,,,,,,,,,,,,,,,,,,,,,,,,,,,,,,,,,,,,,,,,,,,,,,,,,
15145001,20,Item,33.54,,,,,,,,,,,,,,,,,N,1100-5101-3910-636-5070-00000-000-0000-00000-0000-000,,2019/02/01,,,,,,,,,,,,,,,,,,,,,,,,,,,,,N,,,,,,,,,,,,,,,,,,,,,,,,,,,,,,,,,,2019/02/01,,,,,,,,,,,,,,,,,,,,,,,,,,,,,,,,,,,,,,,,,,,,,,,,,,,,,,,,,,,,,,,,,,,,
15145001,21,Item,23.44,,,,,,,,,,,,,,,,,N,1100-6200-3910-754-6220-00000-000-0000-00000-0000-000,,2019/02/01,,,,,,,,,,,,,,,,,,,,,,,,,,,,,N,,,,,,,,,,,,,,,,,,,,,,,,,,,,,,,,,,2019/02/01,,,,,,,,,,,,,,,,,,,,,,,,,,,,,,,,,,,,,,,,,,,,,,,,,,,,,,,,,,,,,,,,,,,,
15145001,22,Item,8.08,,,,,,,,,,,,,,,,,N,1100-9100-3910-639-1010-14650-000-0000-00000-0000-000,,2019/02/01,,,,,,,,,,,,,,,,,,,,,,,,,,,,,N,,,,,,,,,,,,,,,,,,,,,,,,,,,,,,,,,,2019/02/01,,,,,,,,,,,,,,,,,,,,,,,,,,,,,,,,,,,,,,,,,,,,,,,,,,,,,,,,,,,,,,,,,,,,
15145001,23,Item,14.83,,,,,,,,,,,,,,,,,N,1100-5101-3910-636-5070-00000-000-0000-00000-0000-000,,2019/02/01,,,,,,,,,,,,,,,,,,,,,,,,,,,,,N,,,,,,,,,,,,,,,,,,,,,,,,,,,,,,,,,,2019/02/01,,,,,,,,,,,,,,,,,,,,,,,,,,,,,,,,,,,,,,,,,,,,,,,,,,,,,,,,,,,,,,,,,,,,
15145001,24,Item,38.99,,,,,,,,,,,,,,,,,N,1100-9100-3910-639-1010-14650-000-0000-00000-0000-000,,2019/02/01,,,,,,,,,,,,,,,,,,,,,,,,,,,,,N,,,,,,,,,,,,,,,,,,,,,,,,,,,,,,,,,,2019/02/01,,,,,,,,,,,,,,,,,,,,,,,,,,,,,,,,,,,,,,,,,,,,,,,,,,,,,,,,,,,,,,,,,,,,
15145001,25,Item,18.48,,,,,,,,,,,,,,,,,N,1100-9100-3910-639-1010-14650-000-0000-00000-0000-000,,2019/02/01,,,,,,,,,,,,,,,,,,,,,,,,,,,,,N,,,,,,,,,,,,,,,,,,,,,,,,,,,,,,,,,,2019/02/01,,,,,,,,,,,,,,,,,,,,,,,,,,,,,,,,,,,,,,,,,,,,,,,,,,,,,,,,,,,,,,,,,,,,
15145001,26,Item,24.15,,,,,,,,,,,,,,,,,N,1100-7300-3910-739-1010-00000-000-0000-00000-0000-000,,2019/02/01,,,,,,,,,,,,,,,,,,,,,,,,,,,,,N,,,,,,,,,,,,,,,,,,,,,,,,,,,,,,,,,,2019/02/01,,,,,,,,,,,,,,,,,,,,,,,,,,,,,,,,,,,,,,,,,,,,,,,,,,,,,,,,,,,,,,,,,,,,
15145001,27,Item,23.70,,,,,,,,,,,,,,,,,N,1100-7760-3910-345-8570-00000-000-0000-00000-0000-000,,2019/02/01,,,,,,,,,,,,,,,,,,,,,,,,,,,,,N,,,,,,,,,,,,,,,,,,,,,,,,,,,,,,,,,,2019/02/01,,,,,,,,,,,,,,,,,,,,,,,,,,,,,,,,,,,,,,,,,,,,,,,,,,,,,,,,,,,,,,,,,,,,
15145001,28,Item,27.24,,,,,,,,,,,,,,,,,N,1100-9100-3910-670-1010-14650-000-0000-00000-0000-000,,2019/02/01,,,,,,,,,,,,,,,,,,,,,,,,,,,,,N,,,,,,,,,,,,,,,,,,,,,,,,,,,,,,,,,,2019/02/01,,,,,,,,,,,,,,,,,,,,,,,,,,,,,,,,,,,,,,,,,,,,,,,,,,,,,,,,,,,,,,,,,,,,
15145001,29,Item,19.97,,,,,,,,,,,,,,,,,N,1100-5101-3910-652-8640-00000-000-0000-00000-0000-000,,2019/02/01,,,,,,,,,,,,,,,,,,,,,,,,,,,,,N,,,,,,,,,,,,,,,,,,,,,,,,,,,,,,,,,,2019/02/01,,,,,,,,,,,,,,,,,,,,,,,,,,,,,,,,,,,,,,,,,,,,,,,,,,,,,,,,,,,,,,,,,,,,
15145001,30,Item,54.64,,,,,,,,,,,,,,,,,N,1100-5101-3910-652-8640-00000-000-0000-00000-0000-000,,2019/02/01,,,,,,,,,,,,,,,,,,,,,,,,,,,,,N,,,,,,,,,,,,,,,,,,,,,,,,,,,,,,,,,,2019/02/01,,,,,,,,,,,,,,,,,,,,,,,,,,,,,,,,,,,,,,,,,,,,,,,,,,,,,,,,,,,,,,,,,,,,
15145001,31,Item,25.20,,,,,,,,,,,,,,,,,N,1100-5101-3910-644-5070-00000-000-0000-00000-0000-000,,2019/02/01,,,,,,,,,,,,,,,,,,,,,,,,,,,,,N,,,,,,,,,,,,,,,,,,,,,,,,,,,,,,,,,,2019/02/01,,,,,,,,,,,,,,,,,,,,,,,,,,,,,,,,,,,,,,,,,,,,,,,,,,,,,,,,,,,,,,,,,,,,
15145001,32,Item,24.63,,,,,,,,,,,,,,,,,N,1100-5101-3910-636-8640-00000-000-0000-00000-0000-000,,2019/02/01,,,,,,,,,,,,,,,,,,,,,,,,,,,,,N,,,,,,,,,,,,,,,,,,,,,,,,,,,,,,,,,,2019/02/01,,,,,,,,,,,,,,,,,,,,,,,,,,,,,,,,,,,,,,,,,,,,,,,,,,,,,,,,,,,,,,,,,,,,
15145001,33,Item,16.70,,,,,,,,,,,,,,,,,N,1100-5101-3910-636-5070-00000-000-0000-00000-0000-000,,2019/02/01,,,,,,,,,,,,,,,,,,,,,,,,,,,,,N,,,,,,,,,,,,,,,,,,,,,,,,,,,,,,,,,,2019/02/01,,,,,,,,,,,,,,,,,,,,,,,,,,,,,,,,,,,,,,,,,,,,,,,,,,,,,,,,,,,,,,,,,,,,
15145001,34,Item,9.40,,,,,,,,,,,,,,,,,N,1100-7300-3910-757-1010-00000-000-0000-00000-0000-000,,2019/02/01,,,,,,,,,,,,,,,,,,,,,,,,,,,,,N,,,,,,,,,,,,,,,,,,,,,,,,,,,,,,,,,,2019/02/01,,,,,,,,,,,,,,,,,,,,,,,,,,,,,,,,,,,,,,,,,,,,,,,,,,,,,,,,,,,,,,,,,,,,
15145001,35,Item,42.93,,,,,,,,,,,,,,,,,N,1100-7300-3910-609-1010-00000-000-0000-00000-0000-000,,2019/02/01,,,,,,,,,,,,,,,,,,,,,,,,,,,,,N,,,,,,,,,,,,,,,,,,,,,,,,,,,,,,,,,,2019/02/01,,,,,,,,,,,,,,,,,,,,,,,,,,,,,,,,,,,,,,,,,,,,,,,,,,,,,,,,,,,,,,,,,,,,
15145001,36,Item,12.50,,,,,,,,,,,,,,,,,N,1100-7760-3910-345-8570-00000-000-0000-00000-0000-000,,2019/02/01,,,,,,,,,,,,,,,,,,,,,,,,,,,,,N,,,,,,,,,,,,,,,,,,,,,,,,,,,,,,,,,,2019/02/01,,,,,,,,,,,,,,,,,,,,,,,,,,,,,,,,,,,,,,,,,,,,,,,,,,,,,,,,,,,,,,,,,,,,
15145001,37,Item,9.37,,,,,,,,,,,,,,,,,N,1100-7760-3910-345-8570-00000-000-0000-00000-0000-000,,2019/02/01,,,,,,,,,,,,,,,,,,,,,,,,,,,,,N,,,,,,,,,,,,,,,,,,,,,,,,,,,,,,,,,,2019/02/01,,,,,,,,,,,,,,,,,,,,,,,,,,,,,,,,,,,,,,,,,,,,,,,,,,,,,,,,,,,,,,,,,,,,
15145001,38,Item,10.84,,,,,,,,,,,,,,,,,N,1100-7760-3910-345-8570-00000-000-0000-00000-0000-000,,2019/02/01,,,,,,,,,,,,,,,,,,,,,,,,,,,,,N,,,,,,,,,,,,,,,,,,,,,,,,,,,,,,,,,,2019/02/01,,,,,,,,,,,,,,,,,,,,,,,,,,,,,,,,,,,,,,,,,,,,,,,,,,,,,,,,,,,,,,,,,,,,
15145001,39,Item,19.22,,,,,,,,,,,,,,,,,N,1100-7760-3910-345-8570-00000-000-0000-00000-0000-000,,2019/02/01,,,,,,,,,,,,,,,,,,,,,,,,,,,,,N,,,,,,,,,,,,,,,,,,,,,,,,,,,,,,,,,,2019/02/01,,,,,,,,,,,,,,,,,,,,,,,,,,,,,,,,,,,,,,,,,,,,,,,,,,,,,,,,,,,,,,,,,,,,
15145001,40,Item,4.51,,,,,,,,,,,,,,,,,N,1100-7760-3910-345-8570-00000-000-0000-00000-0000-000,,2019/02/01,,,,,,,,,,,,,,,,,,,,,,,,,,,,,N,,,,,,,,,,,,,,,,,,,,,,,,,,,,,,,,,,2019/02/01,,,,,,,,,,,,,,,,,,,,,,,,,,,,,,,,,,,,,,,,,,,,,,,,,,,,,,,,,,,,,,,,,,,,
15145001,41,Item,11.75,,,,,,,,,,,,,,,,,N,1100-7760-3910-345-8570-00000-000-0000-00000-0000-000,,2019/02/01,,,,,,,,,,,,,,,,,,,,,,,,,,,,,N,,,,,,,,,,,,,,,,,,,,,,,,,,,,,,,,,,2019/02/01,,,,,,,,,,,,,,,,,,,,,,,,,,,,,,,,,,,,,,,,,,,,,,,,,,,,,,,,,,,,,,,,,,,,
15145001,42,Item,33.97,,,,,,,,,,,,,,,,,N,1100-7760-3910-345-8570-00000-000-0000-00000-0000-000,,2019/02/01,,,,,,,,,,,,,,,,,,,,,,,,,,,,,N,,,,,,,,,,,,,,,,,,,,,,,,,,,,,,,,,,2019/02/01,,,,,,,,,,,,,,,,,,,,,,,,,,,,,,,,,,,,,,,,,,,,,,,,,,,,,,,,,,,,,,,,,,,,
15145001,43,Item,6.00,,,,,,,,,,,,,,,,,N,1100-7760-3910-345-8570-00000-000-0000-00000-0000-000,,2019/02/01,,,,,,,,,,,,,,,,,,,,,,,,,,,,,N,,,,,,,,,,,,,,,,,,,,,,,,,,,,,,,,,,2019/02/01,,,,,,,,,,,,,,,,,,,,,,,,,,,,,,,,,,,,,,,,,,,,,,,,,,,,,,,,,,,,,,,,,,,,
15145001,44,Item,6.77,,,,,,,,,,,,,,,,,N,1100-7760-3910-345-8570-00000-000-0000-00000-0000-000,,2019/02/01,,,,,,,,,,,,,,,,,,,,,,,,,,,,,N,,,,,,,,,,,,,,,,,,,,,,,,,,,,,,,,,,2019/02/01,,,,,,,,,,,,,,,,,,,,,,,,,,,,,,,,,,,,,,,,,,,,,,,,,,,,,,,,,,,,,,,,,,,,
15145001,45,Item,45.05,,,,,,,,,,,,,,,,,N,1100-7760-3910-345-8570-00000-000-0000-00000-0000-000,,2019/02/01,,,,,,,,,,,,,,,,,,,,,,,,,,,,,N,,,,,,,,,,,,,,,,,,,,,,,,,,,,,,,,,,2019/02/01,,,,,,,,,,,,,,,,,,,,,,,,,,,,,,,,,,,,,,,,,,,,,,,,,,,,,,,,,,,,,,,,,,,,
15145001,46,Item,15.01,,,,,,,,,,,,,,,,,N,1100-7760-3910-345-8570-00000-000-0000-00000-0000-000,,2019/02/01,,,,,,,,,,,,,,,,,,,,,,,,,,,,,N,,,,,,,,,,,,,,,,,,,,,,,,,,,,,,,,,,2019/02/01,,,,,,,,,,,,,,,,,,,,,,,,,,,,,,,,,,,,,,,,,,,,,,,,,,,,,,,,,,,,,,,,,,,,
15145001,47,Item,26.21,,,,,,,,,,,,,,,,,N,1100-7760-3910-345-8570-00000-000-0000-00000-0000-000,,2019/02/01,,,,,,,,,,,,,,,,,,,,,,,,,,,,,N,,,,,,,,,,,,,,,,,,,,,,,,,,,,,,,,,,2019/02/01,,,,,,,,,,,,,,,,,,,,,,,,,,,,,,,,,,,,,,,,,,,,,,,,,,,,,,,,,,,,,,,,,,,,
15145001,48,Item,44.06,,,,,,,,,,,,,,,,,N,1100-7760-3910-345-8570-00000-000-0000-00000-0000-000,,2019/02/01,,,,,,,,,,,,,,,,,,,,,,,,,,,,,N,,,,,,,,,,,,,,,,,,,,,,,,,,,,,,,,,,2019/02/01,,,,,,,,,,,,,,,,,,,,,,,,,,,,,,,,,,,,,,,,,,,,,,,,,,,,,,,,,,,,,,,,,,,,
15145001,49,Item,19.40,,,,,,,,,,,,,,,,,N,1100-7760-3910-345-8570-00000-000-0000-00000-0000-000,,2019/02/01,,,,,,,,,,,,,,,,,,,,,,,,,,,,,N,,,,,,,,,,,,,,,,,,,,,,,,,,,,,,,,,,2019/02/01,,,,,,,,,,,,,,,,,,,,,,,,,,,,,,,,,,,,,,,,,,,,,,,,,,,,,,,,,,,,,,,,,,,,
15145001,50,Item,21.25,,,,,,,,,,,,,,,,,N,1100-7760-3910-345-8570-00000-000-0000-00000-0000-000,,2019/02/01,,,,,,,,,,,,,,,,,,,,,,,,,,,,,N,,,,,,,,,,,,,,,,,,,,,,,,,,,,,,,,,,2019/02/01,,,,,,,,,,,,,,,,,,,,,,,,,,,,,,,,,,,,,,,,,,,,,,,,,,,,,,,,,,,,,,,,,,,,
15145001,51,Item,52.49,,,,,,,,,,,,,,,,,N,1100-7760-3910-345-8570-00000-000-0000-00000-0000-000,,2019/02/01,,,,,,,,,,,,,,,,,,,,,,,,,,,,,N,,,,,,,,,,,,,,,,,,,,,,,,,,,,,,,,,,2019/02/01,,,,,,,,,,,,,,,,,,,,,,,,,,,,,,,,,,,,,,,,,,,,,,,,,,,,,,,,,,,,,,,,,,,,
15145001,52,Item,16.95,,,,,,,,,,,,,,,,,N,1100-7300-3910-609-1010-00000-000-0000-00000-0000-000,,2019/02/01,,,,,,,,,,,,,,,,,,,,,,,,,,,,,N,,,,,,,,,,,,,,,,,,,,,,,,,,,,,,,,,,2019/02/01,,,,,,,,,,,,,,,,,,,,,,,,,,,,,,,,,,,,,,,,,,,,,,,,,,,,,,,,,,,,,,,,,,,,
15145001,53,Item,15.26,,,,,,,,,,,,,,,,,N,1100-7760-3910-345-8570-00000-000-0000-00000-0000-000,,2019/02/01,,,,,,,,,,,,,,,,,,,,,,,,,,,,,N,,,,,,,,,,,,,,,,,,,,,,,,,,,,,,,,,,2019/02/01,,,,,,,,,,,,,,,,,,,,,,,,,,,,,,,,,,,,,,,,,,,,,,,,,,,,,,,,,,,,,,,,,,,,
15145001,54,Item,35.94,,,,,,,,,,,,,,,,,N,1100-7760-3910-345-8570-00000-000-0000-00000-0000-000,,2019/02/01,,,,,,,,,,,,,,,,,,,,,,,,,,,,,N,,,,,,,,,,,,,,,,,,,,,,,,,,,,,,,,,,2019/02/01,,,,,,,,,,,,,,,,,,,,,,,,,,,,,,,,,,,,,,,,,,,,,,,,,,,,,,,,,,,,,,,,,,,,
15145001,55,Item,2.69,,,,,,,,,,,,,,,,,N,1100-5102-3910-657-5080-00000-000-0000-00000-0000-000,,2019/02/01,,,,,,,,,,,,,,,,,,,,,,,,,,,,,N,,,,,,,,,,,,,,,,,,,,,,,,,,,,,,,,,,2019/02/01,,,,,,,,,,,,,,,,,,,,,,,,,,,,,,,,,,,,,,,,,,,,,,,,,,,,,,,,,,,,,,,,,,,,
15145001,56,Item,22.09,,,,,,,,,,,,,,,,,N,1100-7760-3910-345-8570-00000-000-0000-00000-0000-000,,2019/02/01,,,,,,,,,,,,,,,,,,,,,,,,,,,,,N,,,,,,,,,,,,,,,,,,,,,,,,,,,,,,,,,,2019/02/01,,,,,,,,,,,,,,,,,,,,,,,,,,,,,,,,,,,,,,,,,,,,,,,,,,,,,,,,,,,,,,,,,,,,
15145001,57,Item,22.26,,,,,,,,,,,,,,,,,N,1100-7760-3910-345-8570-00000-000-0000-00000-0000-000,,2019/02/01,,,,,,,,,,,,,,,,,,,,,,,,,,,,,N,,,,,,,,,,,,,,,,,,,,,,,,,,,,,,,,,,2019/02/01,,,,,,,,,,,,,,,,,,,,,,,,,,,,,,,,,,,,,,,,,,,,,,,,,,,,,,,,,,,,,,,,,,,,
15145001,58,Item,2.25,,,,,,,,,,,,,,,,,N,1100-7300-3910-531-1010-00000-000-0000-00000-0000-000,,2019/02/01,,,,,,,,,,,,,,,,,,,,,,,,,,,,,N,,,,,,,,,,,,,,,,,,,,,,,,,,,,,,,,,,2019/02/01,,,,,,,,,,,,,,,,,,,,,,,,,,,,,,,,,,,,,,,,,,,,,,,,,,,,,,,,,,,,,,,,,,,,
15145001,59,Item,48.33,,,,,,,,,,,,,,,,,N,1100-7300-3910-609-1010-00000-000-0000-00000-0000-000,,2019/02/01,,,,,,,,,,,,,,,,,,,,,,,,,,,,,N,,,,,,,,,,,,,,,,,,,,,,,,,,,,,,,,,,2019/02/01,,,,,,,,,,,,,,,,,,,,,,,,,,,,,,,,,,,,,,,,,,,,,,,,,,,,,,,,,,,,,,,,,,,,
15145001,60,Item,15.67,,,,,,,,,,,,,,,,,N,1100-7760-3910-345-8570-00000-000-0000-00000-0000-000,,2019/02/01,,,,,,,,,,,,,,,,,,,,,,,,,,,,,N,,,,,,,,,,,,,,,,,,,,,,,,,,,,,,,,,,2019/02/01,,,,,,,,,,,,,,,,,,,,,,,,,,,,,,,,,,,,,,,,,,,,,,,,,,,,,,,,,,,,,,,,,,,,
15145001,61,Item,45.01,,,,,,,,,,,,,,,,,N,1100-7760-3910-345-8570-00000-000-0000-00000-0000-000,,2019/02/01,,,,,,,,,,,,,,,,,,,,,,,,,,,,,N,,,,,,,,,,,,,,,,,,,,,,,,,,,,,,,,,,2019/02/01,,,,,,,,,,,,,,,,,,,,,,,,,,,,,,,,,,,,,,,,,,,,,,,,,,,,,,,,,,,,,,,,,,,,
15145001,62,Item,6.87,,,,,,,,,,,,,,,,,N,1100-7760-3910-345-8570-00000-000-0000-00000-0000-000,,2019/02/01,,,,,,,,,,,,,,,,,,,,,,,,,,,,,N,,,,,,,,,,,,,,,,,,,,,,,,,,,,,,,,,,2019/02/01,,,,,,,,,,,,,,,,,,,,,,,,,,,,,,,,,,,,,,,,,,,,,,,,,,,,,,,,,,,,,,,,,,,,
15145001,63,Item,16.95,,,,,,,,,,,,,,,,,N,1100-7300-3910-657-1010-00000-000-0000-00000-0000-000,,2019/02/01,,,,,,,,,,,,,,,,,,,,,,,,,,,,,N,,,,,,,,,,,,,,,,,,,,,,,,,,,,,,,,,,2019/02/01,,,,,,,,,,,,,,,,,,,,,,,,,,,,,,,,,,,,,,,,,,,,,,,,,,,,,,,,,,,,,,,,,,,,
15145001,64,Item,0.01,,,,,,,,,,,,,,,,,N,1100-5102-3910-642-5080-00000-000-0000-00000-0000-000,,2019/02/01,,,,,,,,,,,,,,,,,,,,,,,,,,,,,N,,,,,,,,,,,,,,,,,,,,,,,,,,,,,,,,,,2019/02/01,,,,,,,,,,,,,,,,,,,,,,,,,,,,,,,,,,,,,,,,,,,,,,,,,,,,,,,,,,,,,,,,,,,,
15145001,65,Item,17.32,,,,,,,,,,,,,,,,,N,1100-5101-3910-642-5070-00000-000-0000-00000-0000-000,,2019/02/01,,,,,,,,,,,,,,,,,,,,,,,,,,,,,N,,,,,,,,,,,,,,,,,,,,,,,,,,,,,,,,,,2019/02/01,,,,,,,,,,,,,,,,,,,,,,,,,,,,,,,,,,,,,,,,,,,,,,,,,,,,,,,,,,,,,,,,,,,,
15145001,66,Item,9.48,,,,,,,,,,,,,,,,,N,1100-6200-3910-751-6220-00000-000-0000-00000-0000-000,,2019/02/01,,,,,,,,,,,,,,,,,,,,,,,,,,,,,N,,,,,,,,,,,,,,,,,,,,,,,,,,,,,,,,,,2019/02/01,,,,,,,,,,,,,,,,,,,,,,,,,,,,,,,,,,,,,,,,,,,,,,,,,,,,,,,,,,,,,,,,,,,,
15145001,67,Item,19.22,,,,,,,,,,,,,,,,,N,1100-7300-3910-741-1010-00000-000-0000-00000-0000-000,,2019/02/01,,,,,,,,,,,,,,,,,,,,,,,,,,,,,N,,,,,,,,,,,,,,,,,,,,,,,,,,,,,,,,,,2019/02/01,,,,,,,,,,,,,,,,,,,,,,,,,,,,,,,,,,,,,,,,,,,,,,,,,,,,,,,,,,,,,,,,,,,,
15145001,68,Item,15.86,,,,,,,,,,,,,,,,,N,1100-5103-3910-751-5090-00000-000-0000-00000-0000-000,,2019/02/01,,,,,,,,,,,,,,,,,,,,,,,,,,,,,N,,,,,,,,,,,,,,,,,,,,,,,,,,,,,,,,,,2019/02/01,,,,,,,,,,,,,,,,,,,,,,,,,,,,,,,,,,,,,,,,,,,,,,,,,,,,,,,,,,,,,,,,,,,,
15145001,69,Item,40.97,,,,,,,,,,,,,,,,,N,1100-7300-3910-737-1010-00000-000-0000-00000-0000-000,,2019/02/01,,,,,,,,,,,,,,,,,,,,,,,,,,,,,N,,,,,,,,,,,,,,,,,,,,,,,,,,,,,,,,,,2019/02/01,,,,,,,,,,,,,,,,,,,,,,,,,,,,,,,,,,,,,,,,,,,,,,,,,,,,,,,,,,,,,,,,,,,,
15145001,70,Item,17.16,,,,,,,,,,,,,,,,,N,1100-5101-3910-647-5070-00000-000-0000-00000-0000-000,,2019/02/01,,,,,,,,,,,,,,,,,,,,,,,,,,,,,N,,,,,,,,,,,,,,,,,,,,,,,,,,,,,,,,,,2019/02/01,,,,,,,,,,,,,,,,,,,,,,,,,,,,,,,,,,,,,,,,,,,,,,,,,,,,,,,,,,,,,,,,,,,,
15145001,71,Item,32.71,,,,,,,,,,,,,,,,,N,1100-5103-3910-751-5090-00000-000-0000-00000-0000-000,,2019/02/01,,,,,,,,,,,,,,,,,,,,,,,,,,,,,N,,,,,,,,,,,,,,,,,,,,,,,,,,,,,,,,,,2019/02/01,,,,,,,,,,,,,,,,,,,,,,,,,,,,,,,,,,,,,,,,,,,,,,,,,,,,,,,,,,,,,,,,,,,,
15145001,72,Item,41.63,,,,,,,,,,,,,,,,,N,1100-7300-3910-637-1010-00000-000-0000-00000-0000-000,,2019/02/01,,,,,,,,,,,,,,,,,,,,,,,,,,,,,N,,,,,,,,,,,,,,,,,,,,,,,,,,,,,,,,,,2019/02/01,,,,,,,,,,,,,,,,,,,,,,,,,,,,,,,,,,,,,,,,,,,,,,,,,,,,,,,,,,,,,,,,,,,,
15145001,73,Item,37.00,,,,,,,,,,,,,,,,,N,1100-7300-3910-619-1010-00000-000-0000-00000-0000-000,,2019/02/01,,,,,,,,,,,,,,,,,,,,,,,,,,,,,N,,,,,,,,,,,,,,,,,,,,,,,,,,,,,,,,,,2019/02/01,,,,,,,,,,,,,,,,,,,,,,,,,,,,,,,,,,,,,,,,,,,,,,,,,,,,,,,,,,,,,,,,,,,,
15145001,74,Item,2.89,,,,,,,,,,,,,,,,,N,1100-7300-3910-645-1010-00070-000-0000-00000-0000-000,,2019/02/01,,,,,,,,,,,,,,,,,,,,,,,,,,,,,N,,,,,,,,,,,,,,,,,,,,,,,,,,,,,,,,,,2019/02/01,,,,,,,,,,,,,,,,,,,,,,,,,,,,,,,,,,,,,,,,,,,,,,,,,,,,,,,,,,,,,,,,,,,,
15145001,75,Item,28.25,,,,,,,,,,,,,,,,,N,1100-5101-3910-650-5070-00000-000-0000-00000-0000-000,,2019/02/01,,,,,,,,,,,,,,,,,,,,,,,,,,,,,N,,,,,,,,,,,,,,,,,,,,,,,,,,,,,,,,,,2019/02/01,,,,,,,,,,,,,,,,,,,,,,,,,,,,,,,,,,,,,,,,,,,,,,,,,,,,,,,,,,,,,,,,,,,,
15145001,76,Item,21.11,,,,,,,,,,,,,,,,,N,1100-7300-3910-735-1010-00000-000-0000-00000-0000-000,,2019/02/01,,,,,,,,,,,,,,,,,,,,,,,,,,,,,N,,,,,,,,,,,,,,,,,,,,,,,,,,,,,,,,,,2019/02/01,,,,,,,,,,,,,,,,,,,,,,,,,,,,,,,,,,,,,,,,,,,,,,,,,,,,,,,,,,,,,,,,,,,,
15145001,77,Item,16.24,,,,,,,,,,,,,,,,,N,1100-5103-3910-751-5090-00000-000-0000-00000-0000-000,,2019/02/01,,,,,,,,,,,,,,,,,,,,,,,,,,,,,N,,,,,,,,,,,,,,,,,,,,,,,,,,,,,,,,,,2019/02/01,,,,,,,,,,,,,,,,,,,,,,,,,,,,,,,,,,,,,,,,,,,,,,,,,,,,,,,,,,,,,,,,,,,,
15145001,78,Item,78.61,,,,,,,,,,,,,,,,,N,1100-7300-3910-741-1010-00000-000-0000-00000-0000-000,,2019/02/01,,,,,,,,,,,,,,,,,,,,,,,,,,,,,N,,,,,,,,,,,,,,,,,,,,,,,,,,,,,,,,,,2019/02/01,,,,,,,,,,,,,,,,,,,,,,,,,,,,,,,,,,,,,,,,,,,,,,,,,,,,,,,,,,,,,,,,,,,,
15145001,79,Item,24.52,,,,,,,,,,,,,,,,,N,1100-5103-3910-751-5090-00000-000-0000-00000-0000-000,,2019/02/01,,,,,,,,,,,,,,,,,,,,,,,,,,,,,N,,,,,,,,,,,,,,,,,,,,,,,,,,,,,,,,,,2019/02/01,,,,,,,,,,,,,,,,,,,,,,,,,,,,,,,,,,,,,,,,,,,,,,,,,,,,,,,,,,,,,,,,,,,,
15145001,80,Item,23.89,,,,,,,,,,,,,,,,,N,1100-5103-3910-751-5090-00000-000-0000-00000-0000-000,,2019/02/01,,,,,,,,,,,,,,,,,,,,,,,,,,,,,N,,,,,,,,,,,,,,,,,,,,,,,,,,,,,,,,,,2019/02/01,,,,,,,,,,,,,,,,,,,,,,,,,,,,,,,,,,,,,,,,,,,,,,,,,,,,,,,,,,,,,,,,,,,,
15145001,81,Item,28.81,,,,,,,,,,,,,,,,,N,1100-5200-3910-732-5400-00000-000-0000-00000-0000-000,,2019/02/01,,,,,,,,,,,,,,,,,,,,,,,,,,,,,N,,,,,,,,,,,,,,,,,,,,,,,,,,,,,,,,,,2019/02/01,,,,,,,,,,,,,,,,,,,,,,,,,,,,,,,,,,,,,,,,,,,,,,,,,,,,,,,,,,,,,,,,,,,,
15145001,82,Item,23.48,,,,,,,,,,,,,,,,,N,1100-7300-3910-756-1010-00000-000-0000-00000-0000-000,,2019/02/01,,,,,,,,,,,,,,,,,,,,,,,,,,,,,N,,,,,,,,,,,,,,,,,,,,,,,,,,,,,,,,,,2019/02/01,,,,,,,,,,,,,,,,,,,,,,,,,,,,,,,,,,,,,,,,,,,,,,,,,,,,,,,,,,,,,,,,,,,,
15145001,83,Item,25.65,,,,,,,,,,,,,,,,,N,1100-9100-3910-659-1010-14650-000-0000-00000-0000-000,,2019/02/01,,,,,,,,,,,,,,,,,,,,,,,,,,,,,N,,,,,,,,,,,,,,,,,,,,,,,,,,,,,,,,,,2019/02/01,,,,,,,,,,,,,,,,,,,,,,,,,,,,,,,,,,,,,,,,,,,,,,,,,,,,,,,,,,,,,,,,,,,,
15145001,84,Item,21.15,,,,,,,,,,,,,,,,,N,1100-7300-3910-701-1010-00000-000-0000-00000-0000-000,,2019/02/01,,,,,,,,,,,,,,,,,,,,,,,,,,,,,N,,,,,,,,,,,,,,,,,,,,,,,,,,,,,,,,,,2019/02/01,,,,,,,,,,,,,,,,,,,,,,,,,,,,,,,,,,,,,,,,,,,,,,,,,,,,,,,,,,,,,,,,,,,,
15145001,85,Item,48.90,,,,,,,,,,,,,,,,,N,1100-7300-3910-654-1010-00000-000-0000-00000-0000-000,,2019/02/01,,,,,,,,,,,,,,,,,,,,,,,,,,,,,N,,,,,,,,,,,,,,,,,,,,,,,,,,,,,,,,,,2019/02/01,,,,,,,,,,,,,,,,,,,,,,,,,,,,,,,,,,,,,,,,,,,,,,,,,,,,,,,,,,,,,,,,,,,,
15145001,86,Item,40.05,,,,,,,,,,,,,,,,,N,1100-5200-3910-756-5400-00000-000-0000-00000-0000-000,,2019/02/01,,,,,,,,,,,,,,,,,,,,,,,,,,,,,N,,,,,,,,,,,,,,,,,,,,,,,,,,,,,,,,,,2019/02/01,,,,,,,,,,,,,,,,,,,,,,,,,,,,,,,,,,,,,,,,,,,,,,,,,,,,,,,,,,,,,,,,,,,,
15145001,87,Item,60.61,,,,,,,,,,,,,,,,,N,1100-7300-3910-607-1010-00000-000-0000-00000-0000-000,,2019/02/01,,,,,,,,,,,,,,,,,,,,,,,,,,,,,N,,,,,,,,,,,,,,,,,,,,,,,,,,,,,,,,,,2019/02/01,,,,,,,,,,,,,,,,,,,,,,,,,,,,,,,,,,,,,,,,,,,,,,,,,,,,,,,,,,,,,,,,,,,,
15145001,88,Item,40.78,,,,,,,,,,,,,,,,,N,1100-7300-3910-656-1010-00000-000-0000-00000-0000-000,,2019/02/01,,,,,,,,,,,,,,,,,,,,,,,,,,,,,N,,,,,,,,,,,,,,,,,,,,,,,,,,,,,,,,,,2019/02/01,,,,,,,,,,,,,,,,,,,,,,,,,,,,,,,,,,,,,,,,,,,,,,,,,,,,,,,,,,,,,,,,,,,,
15145001,89,Item,56.70,,,,,,,,,,,,,,,,,N,1100-5300-3910-735-5700-10360-000-0000-00000-0000-000,,2019/02/01,,,,,,,,,,,,,,,,,,,,,,,,,,,,,N,,,,,,,,,,,,,,,,,,,,,,,,,,,,,,,,,,2019/02/01,,,,,,,,,,,,,,,,,,,,,,,,,,,,,,,,,,,,,,,,,,,,,,,,,,,,,,,,,,,,,,,,,,,,
15145001,90,Item,84.44,,,,,,,,,,,,,,,,,N,1100-7300-3910-713-1010-00000-000-0000-00000-0000-000,,2019/02/01,,,,,,,,,,,,,,,,,,,,,,,,,,,,,N,,,,,,,,,,,,,,,,,,,,,,,,,,,,,,,,,,2019/02/01,,,,,,,,,,,,,,,,,,,,,,,,,,,,,,,,,,,,,,,,,,,,,,,,,,,,,,,,,,,,,,,,,,,,
15145001,91,Item,47.53,,,,,,,,,,,,,,,,,N,1100-7300-3910-759-1010-00000-000-0000-00000-0000-000,,2019/02/01,,,,,,,,,,,,,,,,,,,,,,,,,,,,,N,,,,,,,,,,,,,,,,,,,,,,,,,,,,,,,,,,2019/02/01,,,,,,,,,,,,,,,,,,,,,,,,,,,,,,,,,,,,,,,,,,,,,,,,,,,,,,,,,,,,,,,,,,,,
15145001,92,Item,5.62,,,,,,,,,,,,,,,,,N,1100-9100-3910-652-1010-14650-000-0000-00000-0000-000,,2019/02/01,,,,,,,,,,,,,,,,,,,,,,,,,,,,,N,,,,,,,,,,,,,,,,,,,,,,,,,,,,,,,,,,2019/02/01,,,,,,,,,,,,,,,,,,,,,,,,,,,,,,,,,,,,,,,,,,,,,,,,,,,,,,,,,,,,,,,,,,,,
15145001,93,Item,46.55,,,,,,,,,,,,,,,,,N,1100-7300-3910-627-1010-00000-000-0000-00000-0000-000,,2019/02/01,,,,,,,,,,,,,,,,,,,,,,,,,,,,,N,,,,,,,,,,,,,,,,,,,,,,,,,,,,,,,,,,2019/02/01,,,,,,,,,,,,,,,,,,,,,,,,,,,,,,,,,,,,,,,,,,,,,,,,,,,,,,,,,,,,,,,,,,,,
15145001,94,Item,27.52,,,,,,,,,,,,,,,,,N,1100-5101-3910-608-5070-00000-000-0000-00000-0000-000,,2019/02/01,,,,,,,,,,,,,,,,,,,,,,,,,,,,,N,,,,,,,,,,,,,,,,,,,,,,,,,,,,,,,,,,2019/02/01,,,,,,,,,,,,,,,,,,,,,,,,,,,,,,,,,,,,,,,,,,,,,,,,,,,,,,,,,,,,,,,,,,,,
15145001,95,Item,60.22,,,,,,,,,,,,,,,,,N,1100-7300-3910-741-1010-00000-000-0000-00000-0000-000,,2019/02/01,,,,,,,,,,,,,,,,,,,,,,,,,,,,,N,,,,,,,,,,,,,,,,,,,,,,,,,,,,,,,,,,2019/02/01,,,,,,,,,,,,,,,,,,,,,,,,,,,,,,,,,,,,,,,,,,,,,,,,,,,,,,,,,,,,,,,,,,,,
15145001,96,Item,12.06,,,,,,,,,,,,,,,,,N,1100-5103-3910-759-5140-00000-000-0000-00000-0000-000,,2019/02/01,,,,,,,,,,,,,,,,,,,,,,,,,,,,,N,,,,,,,,,,,,,,,,,,,,,,,,,,,,,,,,,,2019/02/01,,,,,,,,,,,,,,,,,,,,,,,,,,,,,,,,,,,,,,,,,,,,,,,,,,,,,,,,,,,,,,,,,,,,
15145001,97,Item,35.59,,,,,,,,,,,,,,,,,N,1100-7300-3910-732-1010-00000-000-0000-00000-0000-000,,2019/02/01,,,,,,,,,,,,,,,,,,,,,,,,,,,,,N,,,,,,,,,,,,,,,,,,,,,,,,,,,,,,,,,,2019/02/01,,,,,,,,,,,,,,,,,,,,,,,,,,,,,,,,,,,,,,,,,,,,,,,,,,,,,,,,,,,,,,,,,,,,
15145001,98,Item,81.01,,,,,,,,,,,,,,,,,N,1100-7300-3910-659-1010-00000-000-0000-00000-0000-000,,2019/02/01,,,,,,,,,,,,,,,,,,,,,,,,,,,,,N,,,,,,,,,,,,,,,,,,,,,,,,,,,,,,,,,,2019/02/01,,,,,,,,,,,,,,,,,,,,,,,,,,,,,,,,,,,,,,,,,,,,,,,,,,,,,,,,,,,,,,,,,,,,
15145001,99,Item,33.78,,,,,,,,,,,,,,,,,N,1100-9100-3910-670-1010-14650-000-0000-00000-0000-000,,2019/02/01,,,,,,,,,,,,,,,,,,,,,,,,,,,,,N,,,,,,,,,,,,,,,,,,,,,,,,,,,,,,,,,,2019/02/01,,,,,,,,,,,,,,,,,,,,,,,,,,,,,,,,,,,,,,,,,,,,,,,,,,,,,,,,,,,,,,,,,,,,
15145001,100,Item,25.83,,,,,,,,,,,,,,,,,N,1100-9100-3910-660-1010-14650-000-0000-00000-0000-000,,2019/02/01,,,,,,,,,,,,,,,,,,,,,,,,,,,,,N,,,,,,,,,,,,,,,,,,,,,,,,,,,,,,,,,,2019/02/01,,,,,,,,,,,,,,,,,,,,,,,,,,,,,,,,,,,,,,,,,,,,,,,,,,,,,,,,,,,,,,,,,,,,
15145001,101,Item,15.43,,,,,,,,,,,,,,,,,N,1100-7760-3910-345-8570-00000-000-0000-00000-0000-000,,2019/02/01,,,,,,,,,,,,,,,,,,,,,,,,,,,,,N,,,,,,,,,,,,,,,,,,,,,,,,,,,,,,,,,,2019/02/01,,,,,,,,,,,,,,,,,,,,,,,,,,,,,,,,,,,,,,,,,,,,,,,,,,,,,,,,,,,,,,,,,,,,
15145001,102,Item,4.04,,,,,,,,,,,,,,,,,N,1100-9100-3910-654-1010-14650-000-0000-00000-0000-000,,2019/02/01,,,,,,,,,,,,,,,,,,,,,,,,,,,,,N,,,,,,,,,,,,,,,,,,,,,,,,,,,,,,,,,,2019/02/01,,,,,,,,,,,,,,,,,,,,,,,,,,,,,,,,,,,,,,,,,,,,,,,,,,,,,,,,,,,,,,,,,,,,
15145001,103,Item,10.66,,,,,,,,,,,,,,,,,N,1100-7300-3910-738-1010-00000-000-0000-00000-0000-000,,2019/02/01,,,,,,,,,,,,,,,,,,,,,,,,,,,,,N,,,,,,,,,,,,,,,,,,,,,,,,,,,,,,,,,,2019/02/01,,,,,,,,,,,,,,,,,,,,,,,,,,,,,,,,,,,,,,,,,,,,,,,,,,,,,,,,,,,,,,,,,,,,
15145001,104,Item,22.09,,,,,,,,,,,,,,,,,N,1100-9100-3910-660-1010-14650-000-0000-00000-0000-000,,2019/02/01,,,,,,,,,,,,,,,,,,,,,,,,,,,,,N,,,,,,,,,,,,,,,,,,,,,,,,,,,,,,,,,,2019/02/01,,,,,,,,,,,,,,,,,,,,,,,,,,,,,,,,,,,,,,,,,,,,,,,,,,,,,,,,,,,,,,,,,,,,
15145001,105,Item,49.07,,,,,,,,,,,,,,,,,N,1100-6120-3910-758-6110-00000-000-0000-00000-0000-000,,2019/02/01,,,,,,,,,,,,,,,,,,,,,,,,,,,,,N,,,,,,,,,,,,,,,,,,,,,,,,,,,,,,,,,,2019/02/01,,,,,,,,,,,,,,,,,,,,,,,,,,,,,,,,,,,,,,,,,,,,,,,,,,,,,,,,,,,,,,,,,,,,
15145001,106,Item,29.14,,,,,,,,,,,,,,,,,N,1100-5101-3910-655-5070-00000-000-0000-00000-0000-000,,2019/02/01,,,,,,,,,,,,,,,,,,,,,,,,,,,,,N,,,,,,,,,,,,,,,,,,,,,,,,,,,,,,,,,,2019/02/01,,,,,,,,,,,,,,,,,,,,,,,,,,,,,,,,,,,,,,,,,,,,,,,,,,,,,,,,,,,,,,,,,,,,
15145001,107,Item,42.09,,,,,,,,,,,,,,,,,N,1100-5101-3910-640-5070-00000-000-0000-00000-0000-000,,2019/02/01,,,,,,,,,,,,,,,,,,,,,,,,,,,,,N,,,,,,,,,,,,,,,,,,,,,,,,,,,,,,,,,,2019/02/01,,,,,,,,,,,,,,,,,,,,,,,,,,,,,,,,,,,,,,,,,,,,,,,,,,,,,,,,,,,,,,,,,,,,
15145001,108,Item,25.35,,,,,,,,,,,,,,,,,N,1100-5200-3910-654-5400-00000-000-0000-00000-0000-000,,2019/02/01,,,,,,,,,,,,,,,,,,,,,,,,,,,,,N,,,,,,,,,,,,,,,,,,,,,,,,,,,,,,,,,,2019/02/01,,,,,,,,,,,,,,,,,,,,,,,,,,,,,,,,,,,,,,,,,,,,,,,,,,,,,,,,,,,,,,,,,,,,
15145001,109,Item,30.85,,,,,,,,,,,,,,,,,N,1100-7300-3910-646-1010-00000-000-0000-00000-0000-000,,2019/02/01,,,,,,,,,,,,,,,,,,,,,,,,,,,,,N,,,,,,,,,,,,,,,,,,,,,,,,,,,,,,,,,,2019/02/01,,,,,,,,,,,,,,,,,,,,,,,,,,,,,,,,,,,,,,,,,,,,,,,,,,,,,,,,,,,,,,,,,,,,
15145001,110,Item,13.15,,,,,,,,,,,,,,,,,N,1100-7300-3910-739-1010-00000-000-0000-00000-0000-000,,2019/02/01,,,,,,,,,,,,,,,,,,,,,,,,,,,,,N,,,,,,,,,,,,,,,,,,,,,,,,,,,,,,,,,,2019/02/01,,,,,,,,,,,,,,,,,,,,,,,,,,,,,,,,,,,,,,,,,,,,,,,,,,,,,,,,,,,,,,,,,,,,
15145001,111,Item,30.66,,,,,,,,,,,,,,,,,N,1100-5101-3910-623-5070-00000-000-0000-00000-0000-000,,2019/02/01,,,,,,,,,,,,,,,,,,,,,,,,,,,,,N,,,,,,,,,,,,,,,,,,,,,,,,,,,,,,,,,,2019/02/01,,,,,,,,,,,,,,,,,,,,,,,,,,,,,,,,,,,,,,,,,,,,,,,,,,,,,,,,,,,,,,,,,,,,
15145001,112,Item,90.34,,,,,,,,,,,,,,,,,N,1100-6120-3910-756-6110-00000-000-0000-00000-0000-000,,2019/02/01,,,,,,,,,,,,,,,,,,,,,,,,,,,,,N,,,,,,,,,,,,,,,,,,,,,,,,,,,,,,,,,,2019/02/01,,,,,,,,,,,,,,,,,,,,,,,,,,,,,,,,,,,,,,,,,,,,,,,,,,,,,,,,,,,,,,,,,,,,
15145001,113,Item,94.13,,,,,,,,,,,,,,,,,N,1100-7300-3910-756-1010-00000-000-0000-00000-0000-000,,2019/02/01,,,,,,,,,,,,,,,,,,,,,,,,,,,,,N,,,,,,,,,,,,,,,,,,,,,,,,,,,,,,,,,,2019/02/01,,,,,,,,,,,,,,,,,,,,,,,,,,,,,,,,,,,,,,,,,,,,,,,,,,,,,,,,,,,,,,,,,,,,
15145001,114,Item,35.17,,,,,,,,,,,,,,,,,N,1100-5200-3910-758-5400-00000-000-0000-00000-0000-000,,2019/02/01,,,,,,,,,,,,,,,,,,,,,,,,,,,,,N,,,,,,,,,,,,,,,,,,,,,,,,,,,,,,,,,,2019/02/01,,,,,,,,,,,,,,,,,,,,,,,,,,,,,,,,,,,,,,,,,,,,,,,,,,,,,,,,,,,,,,,,,,,,
15145001,115,Item,30.06,,,,,,,,,,,,,,,,,N,1100-7300-3910-739-1010-00000-000-0000-00000-0000-000,,2019/02/01,,,,,,,,,,,,,,,,,,,,,,,,,,,,,N,,,,,,,,,,,,,,,,,,,,,,,,,,,,,,,,,,2019/02/01,,,,,,,,,,,,,,,,,,,,,,,,,,,,,,,,,,,,,,,,,,,,,,,,,,,,,,,,,,,,,,,,,,,,
15145001,116,Item,6.43,,,,,,,,,,,,,,,,,N,1100-7300-3910-739-1010-00150-000-0000-00000-0000-000,,2019/02/01,,,,,,,,,,,,,,,,,,,,,,,,,,,,,N,,,,,,,,,,,,,,,,,,,,,,,,,,,,,,,,,,2019/02/01,,,,,,,,,,,,,,,,,,,,,,,,,,,,,,,,,,,,,,,,,,,,,,,,,,,,,,,,,,,,,,,,,,,,
15145001,117,Item,0.17,,,,,,,,,,,,,,,,,N,1100-7300-3910-623-1010-00000-000-0000-00000-0000-000,,2019/02/01,,,,,,,,,,,,,,,,,,,,,,,,,,,,,N,,,,,,,,,,,,,,,,,,,,,,,,,,,,,,,,,,2019/02/01,,,,,,,,,,,,,,,,,,,,,,,,,,,,,,,,,,,,,,,,,,,,,,,,,,,,,,,,,,,,,,,,,,,,
15145001,118,Item,51.69,,,,,,,,,,,,,,,,,N,1100-7300-3910-649-1010-00000-000-0000-00000-0000-000,,2019/02/01,,,,,,,,,,,,,,,,,,,,,,,,,,,,,N,,,,,,,,,,,,,,,,,,,,,,,,,,,,,,,,,,2019/02/01,,,,,,,,,,,,,,,,,,,,,,,,,,,,,,,,,,,,,,,,,,,,,,,,,,,,,,,,,,,,,,,,,,,,
15145001,119,Item,7.19,,,,,,,,,,,,,,,,,N,1100-7300-3910-637-1010-00000-000-0000-00000-0000-000,,2019/02/01,,,,,,,,,,,,,,,,,,,,,,,,,,,,,N,,,,,,,,,,,,,,,,,,,,,,,,,,,,,,,,,,2019/02/01,,,,,,,,,,,,,,,,,,,,,,,,,,,,,,,,,,,,,,,,,,,,,,,,,,,,,,,,,,,,,,,,,,,,
15145001,120,Item,50.21,,,,,,,,,,,,,,,,,N,1100-7300-3910-759-1010-00000-000-0000-00000-0000-000,,2019/02/01,,,,,,,,,,,,,,,,,,,,,,,,,,,,,N,,,,,,,,,,,,,,,,,,,,,,,,,,,,,,,,,,2019/02/01,,,,,,,,,,,,,,,,,,,,,,,,,,,,,,,,,,,,,,,,,,,,,,,,,,,,,,,,,,,,,,,,,,,,
15145001,121,Item,10.00,,,,,,,,,,,,,,,,,N,1100-5101-3910-627-5070-00000-000-0000-00000-0000-000,,2019/02/01,,,,,,,,,,,,,,,,,,,,,,,,,,,,,N,,,,,,,,,,,,,,,,,,,,,,,,,,,,,,,,,,2019/02/01,,,,,,,,,,,,,,,,,,,,,,,,,,,,,,,,,,,,,,,,,,,,,,,,,,,,,,,,,,,,,,,,,,,,
15145001,122,Item,15.81,,,,,,,,,,,,,,,,,N,1100-9100-3910-629-1010-14650-000-0000-00000-0000-000,,2019/02/01,,,,,,,,,,,,,,,,,,,,,,,,,,,,,N,,,,,,,,,,,,,,,,,,,,,,,,,,,,,,,,,,2019/02/01,,,,,,,,,,,,,,,,,,,,,,,,,,,,,,,,,,,,,,,,,,,,,,,,,,,,,,,,,,,,,,,,,,,,
15145001,123,Item,9.38,,,,,,,,,,,,,,,,,N,1100-5103-3910-759-5180-00000-000-0000-00000-0000-000,,2019/02/01,,,,,,,,,,,,,,,,,,,,,,,,,,,,,N,,,,,,,,,,,,,,,,,,,,,,,,,,,,,,,,,,2019/02/01,,,,,,,,,,,,,,,,,,,,,,,,,,,,,,,,,,,,,,,,,,,,,,,,,,,,,,,,,,,,,,,,,,,,
15145001,124,Item,122.48,,,,,,,,,,,,,,,,,N,1100-7300-3910-741-1010-00000-000-0000-00000-0000-000,,2019/02/01,,,,,,,,,,,,,,,,,,,,,,,,,,,,,N,,,,,,,,,,,,,,,,,,,,,,,,,,,,,,,,,,2019/02/01,,,,,,,,,,,,,,,,,,,,,,,,,,,,,,,,,,,,,,,,,,,,,,,,,,,,,,,,,,,,,,,,,,,,
15145001,125,Item,36.47,,,,,,,,,,,,,,,,,N,1100-7300-3910-621-1010-00000-000-0000-00000-0000-000,,2019/02/01,,,,,,,,,,,,,,,,,,,,,,,,,,,,,N,,,,,,,,,,,,,,,,,,,,,,,,,,,,,,,,,,2019/02/01,,,,,,,,,,,,,,,,,,,,,,,,,,,,,,,,,,,,,,,,,,,,,,,,,,,,,,,,,,,,,,,,,,,,
15145001,126,Item,52.03,,,,,,,,,,,,,,,,,N,1100-7300-3910-671-1010-00000-000-0000-00000-0000-000,,2019/02/01,,,,,,,,,,,,,,,,,,,,,,,,,,,,,N,,,,,,,,,,,,,,,,,,,,,,,,,,,,,,,,,,2019/02/01,,,,,,,,,,,,,,,,,,,,,,,,,,,,,,,,,,,,,,,,,,,,,,,,,,,,,,,,,,,,,,,,,,,,
15145001,127,Item,27.41,,,,,,,,,,,,,,,,,N,1100-5200-3910-759-5400-00000-000-0000-00000-0000-000,,2019/02/01,,,,,,,,,,,,,,,,,,,,,,,,,,,,,N,,,,,,,,,,,,,,,,,,,,,,,,,,,,,,,,,,2019/02/01,,,,,,,,,,,,,,,,,,,,,,,,,,,,,,,,,,,,,,,,,,,,,,,,,,,,,,,,,,,,,,,,,,,,
15145001,128,Item,15.91,,,,,,,,,,,,,,,,,N,1100-5102-3910-606-5080-00000-000-0000-00000-0000-000,,2019/02/01,,,,,,,,,,,,,,,,,,,,,,,,,,,,,N,,,,,,,,,,,,,,,,,,,,,,,,,,,,,,,,,,2019/02/01,,,,,,,,,,,,,,,,,,,,,,,,,,,,,,,,,,,,,,,,,,,,,,,,,,,,,,,,,,,,,,,,,,,,
15145001,129,Item,75.31,,,,,,,,,,,,,,,,,N,1100-5101-3910-607-5070-00000-000-0000-00000-0000-000,,2019/02/01,,,,,,,,,,,,,,,,,,,,,,,,,,,,,N,,,,,,,,,,,,,,,,,,,,,,,,,,,,,,,,,,2019/02/01,,,,,,,,,,,,,,,,,,,,,,,,,,,,,,,,,,,,,,,,,,,,,,,,,,,,,,,,,,,,,,,,,,,,
15145001,130,Item,10.63,,,,,,,,,,,,,,,,,N,1100-7300-3910-751-1010-00000-000-0000-00000-0000-000,,2019/02/01,,,,,,,,,,,,,,,,,,,,,,,,,,,,,N,,,,,,,,,,,,,,,,,,,,,,,,,,,,,,,,,,2019/02/01,,,,,,,,,,,,,,,,,,,,,,,,,,,,,,,,,,,,,,,,,,,,,,,,,,,,,,,,,,,,,,,,,,,,
15145001,131,Item,65.15,,,,,,,,,,,,,,,,,N,1100-5103-3910-751-5090-00000-000-0000-00000-0000-000,,2019/02/01,,,,,,,,,,,,,,,,,,,,,,,,,,,,,N,,,,,,,,,,,,,,,,,,,,,,,,,,,,,,,,,,2019/02/01,,,,,,,,,,,,,,,,,,,,,,,,,,,,,,,,,,,,,,,,,,,,,,,,,,,,,,,,,,,,,,,,,,,,
15145001,132,Item,6.23,,,,,,,,,,,,,,,,,N,1100-7760-3910-345-8570-00000-000-0000-00000-0000-000,,2019/02/01,,,,,,,,,,,,,,,,,,,,,,,,,,,,,N,,,,,,,,,,,,,,,,,,,,,,,,,,,,,,,,,,2019/02/01,,,,,,,,,,,,,,,,,,,,,,,,,,,,,,,,,,,,,,,,,,,,,,,,,,,,,,,,,,,,,,,,,,,,
15145001,133,Item,22.95,,,,,,,,,,,,,,,,,N,1100-7300-3910-713-1010-00000-000-0000-00000-0000-000,,2019/02/01,,,,,,,,,,,,,,,,,,,,,,,,,,,,,N,,,,,,,,,,,,,,,,,,,,,,,,,,,,,,,,,,2019/02/01,,,,,,,,,,,,,,,,,,,,,,,,,,,,,,,,,,,,,,,,,,,,,,,,,,,,,,,,,,,,,,,,,,,,
15145001,134,Item,25.58,,,,,,,,,,,,,,,,,N,1100-7760-3910-345-8570-00000-000-0000-00000-0000-000,,2019/02/01,,,,,,,,,,,,,,,,,,,,,,,,,,,,,N,,,,,,,,,,,,,,,,,,,,,,,,,,,,,,,,,,2019/02/01,,,,,,,,,,,,,,,,,,,,,,,,,,,,,,,,,,,,,,,,,,,,,,,,,,,,,,,,,,,,,,,,,,,,
15145001,135,Item,59.44,,,,,,,,,,,,,,,,,N,1100-7300-3910-656-1010-00000-000-0000-00000-0000-000,,2019/02/01,,,,,,,,,,,,,,,,,,,,,,,,,,,,,N,,,,,,,,,,,,,,,,,,,,,,,,,,,,,,,,,,2019/02/01,,,,,,,,,,,,,,,,,,,,,,,,,,,,,,,,,,,,,,,,,,,,,,,,,,,,,,,,,,,,,,,,,,,,
15145001,136,Item,50.05,,,,,,,,,,,,,,,,,N,1100-5103-3910-751-5090-00000-000-0000-00000-0000-000,,2019/02/01,,,,,,,,,,,,,,,,,,,,,,,,,,,,,N,,,,,,,,,,,,,,,,,,,,,,,,,,,,,,,,,,2019/02/01,,,,,,,,,,,,,,,,,,,,,,,,,,,,,,,,,,,,,,,,,,,,,,,,,,,,,,,,,,,,,,,,,,,,
15145001,137,Item,39.40,,,,,,,,,,,,,,,,,N,1100-5102-3910-737-5080-00000-000-0000-00000-0000-000,,2019/02/01,,,,,,,,,,,,,,,,,,,,,,,,,,,,,N,,,,,,,,,,,,,,,,,,,,,,,,,,,,,,,,,,2019/02/01,,,,,,,,,,,,,,,,,,,,,,,,,,,,,,,,,,,,,,,,,,,,,,,,,,,,,,,,,,,,,,,,,,,,
15145001,138,Item,8.26,,,,,,,,,,,,,,,,,N,1100-9100-3910-629-1010-14650-000-0000-00000-0000-000,,2019/02/01,,,,,,,,,,,,,,,,,,,,,,,,,,,,,N,,,,,,,,,,,,,,,,,,,,,,,,,,,,,,,,,,2019/02/01,,,,,,,,,,,,,,,,,,,,,,,,,,,,,,,,,,,,,,,,,,,,,,,,,,,,,,,,,,,,,,,,,,,,
15145001,139,Item,30.61,,,,,,,,,,,,,,,,,N,1100-7300-3910-759-1010-00000-000-0000-00000-0000-000,,2019/02/01,,,,,,,,,,,,,,,,,,,,,,,,,,,,,N,,,,,,,,,,,,,,,,,,,,,,,,,,,,,,,,,,2019/02/01,,,,,,,,,,,,,,,,,,,,,,,,,,,,,,,,,,,,,,,,,,,,,,,,,,,,,,,,,,,,,,,,,,,,
15145001,140,Item,13.40,,,,,,,,,,,,,,,,,N,1100-7300-3910-608-1010-00000-000-0000-00000-0000-000,,2019/02/01,,,,,,,,,,,,,,,,,,,,,,,,,,,,,N,,,,,,,,,,,,,,,,,,,,,,,,,,,,,,,,,,2019/02/01,,,,,,,,,,,,,,,,,,,,,,,,,,,,,,,,,,,,,,,,,,,,,,,,,,,,,,,,,,,,,,,,,,,,
15145001,141,Item,14.04,,,,,,,,,,,,,,,,,N,1100-7300-3910-751-1010-00000-000-0000-00000-0000-000,,2019/02/01,,,,,,,,,,,,,,,,,,,,,,,,,,,,,N,,,,,,,,,,,,,,,,,,,,,,,,,,,,,,,,,,2019/02/01,,,,,,,,,,,,,,,,,,,,,,,,,,,,,,,,,,,,,,,,,,,,,,,,,,,,,,,,,,,,,,,,,,,,
15145001,142,Item,22.77,,,,,,,,,,,,,,,,,N,1100-7300-3910-646-1010-00000-000-0000-00000-0000-000,,2019/02/01,,,,,,,,,,,,,,,,,,,,,,,,,,,,,N,,,,,,,,,,,,,,,,,,,,,,,,,,,,,,,,,,2019/02/01,,,,,,,,,,,,,,,,,,,,,,,,,,,,,,,,,,,,,,,,,,,,,,,,,,,,,,,,,,,,,,,,,,,,
15145001,143,Item,18.80,,,,,,,,,,,,,,,,,N,1100-5103-3910-751-5090-00000-000-0000-00000-0000-000,,2019/02/01,,,,,,,,,,,,,,,,,,,,,,,,,,,,,N,,,,,,,,,,,,,,,,,,,,,,,,,,,,,,,,,,2019/02/01,,,,,,,,,,,,,,,,,,,,,,,,,,,,,,,,,,,,,,,,,,,,,,,,,,,,,,,,,,,,,,,,,,,,
15145001,144,Item,43.39,,,,,,,,,,,,,,,,,N,1100-7300-3910-713-1010-00000-000-0000-00000-0000-000,,2019/02/01,,,,,,,,,,,,,,,,,,,,,,,,,,,,,N,,,,,,,,,,,,,,,,,,,,,,,,,,,,,,,,,,2019/02/01,,,,,,,,,,,,,,,,,,,,,,,,,,,,,,,,,,,,,,,,,,,,,,,,,,,,,,,,,,,,,,,,,,,,
15145001,145,Item,12.18,,,,,,,,,,,,,,,,,N,1100-7300-3910-656-1010-00000-000-0000-00000-0000-000,,2019/02/01,,,,,,,,,,,,,,,,,,,,,,,,,,,,,N,,,,,,,,,,,,,,,,,,,,,,,,,,,,,,,,,,2019/02/01,,,,,,,,,,,,,,,,,,,,,,,,,,,,,,,,,,,,,,,,,,,,,,,,,,,,,,,,,,,,,,,,,,,,
15145001,146,Item,44.57,,,,,,,,,,,,,,,,,N,1100-7760-3910-345-8570-00000-000-0000-00000-0000-000,,2019/02/01,,,,,,,,,,,,,,,,,,,,,,,,,,,,,N,,,,,,,,,,,,,,,,,,,,,,,,,,,,,,,,,,2019/02/01,,,,,,,,,,,,,,,,,,,,,,,,,,,,,,,,,,,,,,,,,,,,,,,,,,,,,,,,,,,,,,,,,,,,
15145001,147,Item,51.79,,,,,,,,,,,,,,,,,N,1100-7300-3910-652-1010-00000-000-0000-00000-0000-000,,2019/02/01,,,,,,,,,,,,,,,,,,,,,,,,,,,,,N,,,,,,,,,,,,,,,,,,,,,,,,,,,,,,,,,,2019/02/01,,,,,,,,,,,,,,,,,,,,,,,,,,,,,,,,,,,,,,,,,,,,,,,,,,,,,,,,,,,,,,,,,,,,
15145001,148,Item,39.45,,,,,,,,,,,,,,,,,N,1100-5200-3910-512-5400-00000-000-0000-00000-0000-000,,2019/02/01,,,,,,,,,,,,,,,,,,,,,,,,,,,,,N,,,,,,,,,,,,,,,,,,,,,,,,,,,,,,,,,,2019/02/01,,,,,,,,,,,,,,,,,,,,,,,,,,,,,,,,,,,,,,,,,,,,,,,,,,,,,,,,,,,,,,,,,,,,
15145001,149,Item,71.96,,,,,,,,,,,,,,,,,N,1100-7300-3910-645-1010-00070-000-0000-00000-0000-000,,2019/02/01,,,,,,,,,,,,,,,,,,,,,,,,,,,,,N,,,,,,,,,,,,,,,,,,,,,,,,,,,,,,,,,,2019/02/01,,,,,,,,,,,,,,,,,,,,,,,,,,,,,,,,,,,,,,,,,,,,,,,,,,,,,,,,,,,,,,,,,,,,
15145001,150,Item,57.51,,,,,,,,,,,,,,,,,N,1100-7300-3910-759-1010-00000-000-0000-00000-0000-000,,2019/02/01,,,,,,,,,,,,,,,,,,,,,,,,,,,,,N,,,,,,,,,,,,,,,,,,,,,,,,,,,,,,,,,,2019/02/01,,,,,,,,,,,,,,,,,,,,,,,,,,,,,,,,,,,,,,,,,,,,,,,,,,,,,,,,,,,,,,,,,,,,
15145001,151,Item,54.86,,,,,,,,,,,,,,,,,N,1100-5200-3910-640-5400-00000-000-0000-00000-0000-000,,2019/02/01,,,,,,,,,,,,,,,,,,,,,,,,,,,,,N,,,,,,,,,,,,,,,,,,,,,,,,,,,,,,,,,,2019/02/01,,,,,,,,,,,,,,,,,,,,,,,,,,,,,,,,,,,,,,,,,,,,,,,,,,,,,,,,,,,,,,,,,,,,
15145001,152,Item,28.46,,,,,,,,,,,,,,,,,N,1100-7300-3910-661-1010-00000-000-0000-00000-0000-000,,2019/02/01,,,,,,,,,,,,,,,,,,,,,,,,,,,,,N,,,,,,,,,,,,,,,,,,,,,,,,,,,,,,,,,,2019/02/01,,,,,,,,,,,,,,,,,,,,,,,,,,,,,,,,,,,,,,,,,,,,,,,,,,,,,,,,,,,,,,,,,,,,
15145001,153,Item,1.68,,,,,,,,,,,,,,,,,N,1100-5102-3910-701-5080-00000-000-0000-00000-0000-000,,2019/02/01,,,,,,,,,,,,,,,,,,,,,,,,,,,,,N,,,,,,,,,,,,,,,,,,,,,,,,,,,,,,,,,,2019/02/01,,,,,,,,,,,,,,,,,,,,,,,,,,,,,,,,,,,,,,,,,,,,,,,,,,,,,,,,,,,,,,,,,,,,
15145001,154,Item,20.35,,,,,,,,,,,,,,,,,N,1100-9100-3910-660-1010-14650-000-0000-00000-0000-000,,2019/02/01,,,,,,,,,,,,,,,,,,,,,,,,,,,,,N,,,,,,,,,,,,,,,,,,,,,,,,,,,,,,,,,,2019/02/01,,,,,,,,,,,,,,,,,,,,,,,,,,,,,,,,,,,,,,,,,,,,,,,,,,,,,,,,,,,,,,,,,,,,
15145001,155,Item,15.84,,,,,,,,,,,,,,,,,N,1100-5200-3910-701-5400-00000-000-0000-00000-0000-000,,2019/02/01,,,,,,,,,,,,,,,,,,,,,,,,,,,,,N,,,,,,,,,,,,,,,,,,,,,,,,,,,,,,,,,,2019/02/01,,,,,,,,,,,,,,,,,,,,,,,,,,,,,,,,,,,,,,,,,,,,,,,,,,,,,,,,,,,,,,,,,,,,
15145001,156,Item,31.84,,,,,,,,,,,,,,,,,N,1100-5103-3910-758-5090-00000-000-0000-00000-0000-000,,2019/02/01,,,,,,,,,,,,,,,,,,,,,,,,,,,,,N,,,,,,,,,,,,,,,,,,,,,,,,,,,,,,,,,,2019/02/01,,,,,,,,,,,,,,,,,,,,,,,,,,,,,,,,,,,,,,,,,,,,,,,,,,,,,,,,,,,,,,,,,,,,
15145001,157,Item,76.83,,,,,,,,,,,,,,,,,N,1100-5102-3910-732-5080-00000-000-0000-00000-0000-000,,2019/02/01,,,,,,,,,,,,,,,,,,,,,,,,,,,,,N,,,,,,,,,,,,,,,,,,,,,,,,,,,,,,,,,,2019/02/01,,,,,,,,,,,,,,,,,,,,,,,,,,,,,,,,,,,,,,,,,,,,,,,,,,,,,,,,,,,,,,,,,,,,
15145001,158,Item,42.80,,,,,,,,,,,,,,,,,N,1100-5101-3910-655-5070-00000-000-0000-00000-0000-000,,2019/02/01,,,,,,,,,,,,,,,,,,,,,,,,,,,,,N,,,,,,,,,,,,,,,,,,,,,,,,,,,,,,,,,,2019/02/01,,,,,,,,,,,,,,,,,,,,,,,,,,,,,,,,,,,,,,,,,,,,,,,,,,,,,,,,,,,,,,,,,,,,
15145001,159,Item,15.03,,,,,,,,,,,,,,,,,N,1100-7300-3910-739-1010-00000-000-0000-00000-0000-000,,2019/02/01,,,,,,,,,,,,,,,,,,,,,,,,,,,,,N,,,,,,,,,,,,,,,,,,,,,,,,,,,,,,,,,,2019/02/01,,,,,,,,,,,,,,,,,,,,,,,,,,,,,,,,,,,,,,,,,,,,,,,,,,,,,,,,,,,,,,,,,,,,
15145001,160,Item,15.91,,,,,,,,,,,,,,,,,N,1100-7300-3910-758-1010-00000-000-0000-00000-0000-000,,2019/02/01,,,,,,,,,,,,,,,,,,,,,,,,,,,,,N,,,,,,,,,,,,,,,,,,,,,,,,,,,,,,,,,,2019/02/01,,,,,,,,,,,,,,,,,,,,,,,,,,,,,,,,,,,,,,,,,,,,,,,,,,,,,,,,,,,,,,,,,,,,
15145001,161,Item,47.62,,,,,,,,,,,,,,,,,N,1100-5102-3910-732-5080-00000-000-0000-00000-0000-000,,2019/02/01,,,,,,,,,,,,,,,,,,,,,,,,,,,,,N,,,,,,,,,,,,,,,,,,,,,,,,,,,,,,,,,,2019/02/01,,,,,,,,,,,,,,,,,,,,,,,,,,,,,,,,,,,,,,,,,,,,,,,,,,,,,,,,,,,,,,,,,,,,
15145001,162,Item,20.63,,,,,,,,,,,,,,,,,N,1100-9100-3910-660-1010-14650-000-0000-00000-0000-000,,2019/02/01,,,,,,,,,,,,,,,,,,,,,,,,,,,,,N,,,,,,,,,,,,,,,,,,,,,,,,,,,,,,,,,,2019/02/01,,,,,,,,,,,,,,,,,,,,,,,,,,,,,,,,,,,,,,,,,,,,,,,,,,,,,,,,,,,,,,,,,,,,
15145001,163,Item,39.12,,,,,,,,,,,,,,,,,N,1100-5102-3910-738-5930-00000-000-0000-00000-0000-000,,2019/02/01,,,,,,,,,,,,,,,,,,,,,,,,,,,,,N,,,,,,,,,,,,,,,,,,,,,,,,,,,,,,,,,,2019/02/01,,,,,,,,,,,,,,,,,,,,,,,,,,,,,,,,,,,,,,,,,,,,,,,,,,,,,,,,,,,,,,,,,,,,
15145001,164,Item,42.86,,,,,,,,,,,,,,,,,N,1100-5101-3910-661-5070-00000-000-0000-00000-0000-000,,2019/02/01,,,,,,,,,,,,,,,,,,,,,,,,,,,,,N,,,,,,,,,,,,,,,,,,,,,,,,,,,,,,,,,,2019/02/01,,,,,,,,,,,,,,,,,,,,,,,,,,,,,,,,,,,,,,,,,,,,,,,,,,,,,,,,,,,,,,,,,,,,
15145001,165,Item,11.97,,,,,,,,,,,,,,,,,N,1100-9100-3910-660-1010-14650-000-0000-00000-0000-000,,2019/02/01,,,,,,,,,,,,,,,,,,,,,,,,,,,,,N,,,,,,,,,,,,,,,,,,,,,,,,,,,,,,,,,,2019/02/01,,,,,,,,,,,,,,,,,,,,,,,,,,,,,,,,,,,,,,,,,,,,,,,,,,,,,,,,,,,,,,,,,,,,
15145001,166,Item,30.33,,,,,,,,,,,,,,,,,N,1100-9100-3910-641-1010-14650-000-0000-00000-0000-000,,2019/02/01,,,,,,,,,,,,,,,,,,,,,,,,,,,,,N,,,,,,,,,,,,,,,,,,,,,,,,,,,,,,,,,,2019/02/01,,,,,,,,,,,,,,,,,,,,,,,,,,,,,,,,,,,,,,,,,,,,,,,,,,,,,,,,,,,,,,,,,,,,
15145001,167,Item,10.53,,,,,,,,,,,,,,,,,N,1100-5101-3910-655-5070-00000-000-0000-00000-0000-000,,2019/02/01,,,,,,,,,,,,,,,,,,,,,,,,,,,,,N,,,,,,,,,,,,,,,,,,,,,,,,,,,,,,,,,,2019/02/01,,,,,,,,,,,,,,,,,,,,,,,,,,,,,,,,,,,,,,,,,,,,,,,,,,,,,,,,,,,,,,,,,,,,
15145001,168,Item,5.28,,,,,,,,,,,,,,,,,N,1100-7760-3910-345-8570-00000-000-0000-00000-0000-000,,2019/02/01,,,,,,,,,,,,,,,,,,,,,,,,,,,,,N,,,,,,,,,,,,,,,,,,,,,,,,,,,,,,,,,,2019/02/01,,,,,,,,,,,,,,,,,,,,,,,,,,,,,,,,,,,,,,,,,,,,,,,,,,,,,,,,,,,,,,,,,,,,
15145001,169,Item,5.42,,,,,,,,,,,,,,,,,N,1100-7300-3910-732-1010-00000-000-0000-00000-0000-000,,2019/02/01,,,,,,,,,,,,,,,,,,,,,,,,,,,,,N,,,,,,,,,,,,,,,,,,,,,,,,,,,,,,,,,,2019/02/01,,,,,,,,,,,,,,,,,,,,,,,,,,,,,,,,,,,,,,,,,,,,,,,,,,,,,,,,,,,,,,,,,,,,
15145001,170,Item,9.84,,,,,,,,,,,,,,,,,N,1100-7300-3910-758-1010-00000-000-0000-00000-0000-000,,2019/02/01,,,,,,,,,,,,,,,,,,,,,,,,,,,,,N,,,,,,,,,,,,,,,,,,,,,,,,,,,,,,,,,,2019/02/01,,,,,,,,,,,,,,,,,,,,,,,,,,,,,,,,,,,,,,,,,,,,,,,,,,,,,,,,,,,,,,,,,,,,
15145001,171,Item,44.42,,,,,,,,,,,,,,,,,N,1100-7300-3910-640-1010-00000-000-0000-00000-0000-000,,2019/02/01,,,,,,,,,,,,,,,,,,,,,,,,,,,,,N,,,,,,,,,,,,,,,,,,,,,,,,,,,,,,,,,,2019/02/01,,,,,,,,,,,,,,,,,,,,,,,,,,,,,,,,,,,,,,,,,,,,,,,,,,,,,,,,,,,,,,,,,,,,
15145001,172,Item,10.68,,,,,,,,,,,,,,,,,N,1100-7300-3910-623-1010-00000-000-0000-00000-0000-000,,2019/02/01,,,,,,,,,,,,,,,,,,,,,,,,,,,,,N,,,,,,,,,,,,,,,,,,,,,,,,,,,,,,,,,,2019/02/01,,,,,,,,,,,,,,,,,,,,,,,,,,,,,,,,,,,,,,,,,,,,,,,,,,,,,,,,,,,,,,,,,,,,
15145001,173,Item,59.55,,,,,,,,,,,,,,,,,N,1100-5102-3910-732-5080-00000-000-0000-00000-0000-000,,2019/02/01,,,,,,,,,,,,,,,,,,,,,,,,,,,,,N,,,,,,,,,,,,,,,,,,,,,,,,,,,,,,,,,,2019/02/01,,,,,,,,,,,,,,,,,,,,,,,,,,,,,,,,,,,,,,,,,,,,,,,,,,,,,,,,,,,,,,,,,,,,
15145001,174,Item,40.63,,,,,,,,,,,,,,,,,N,1100-7300-3910-655-1010-00000-000-0000-00000-0000-000,,2019/02/01,,,,,,,,,,,,,,,,,,,,,,,,,,,,,N,,,,,,,,,,,,,,,,,,,,,,,,,,,,,,,,,,2019/02/01,,,,,,,,,,,,,,,,,,,,,,,,,,,,,,,,,,,,,,,,,,,,,,,,,,,,,,,,,,,,,,,,,,,,
15145001,175,Item,38.43,,,,,,,,,,,,,,,,,N,1100-5102-3910-640-5080-00000-000-0000-00000-0000-000,,2019/02/01,,,,,,,,,,,,,,,,,,,,,,,,,,,,,N,,,,,,,,,,,,,,,,,,,,,,,,,,,,,,,,,,2019/02/01,,,,,,,,,,,,,,,,,,,,,,,,,,,,,,,,,,,,,,,,,,,,,,,,,,,,,,,,,,,,,,,,,,,,
15145001,176,Item,50.57,,,,,,,,,,,,,,,,,N,1100-5102-3910-738-5800-00000-000-0000-00000-0000-000,,2019/02/01,,,,,,,,,,,,,,,,,,,,,,,,,,,,,N,,,,,,,,,,,,,,,,,,,,,,,,,,,,,,,,,,2019/02/01,,,,,,,,,,,,,,,,,,,,,,,,,,,,,,,,,,,,,,,,,,,,,,,,,,,,,,,,,,,,,,,,,,,,
15145001,177,Item,54.34,,,,,,,,,,,,,,,,,N,1100-5102-3910-738-5870-00000-000-0000-00000-0000-000,,2019/02/01,,,,,,,,,,,,,,,,,,,,,,,,,,,,,N,,,,,,,,,,,,,,,,,,,,,,,,,,,,,,,,,,2019/02/01,,,,,,,,,,,,,,,,,,,,,,,,,,,,,,,,,,,,,,,,,,,,,,,,,,,,,,,,,,,,,,,,,,,,
15145001,178,Item,74.16,,,,,,,,,,,,,,,,,N,1100-5101-3910-642-5070-00000-000-0000-00000-0000-000,,2019/02/01,,,,,,,,,,,,,,,,,,,,,,,,,,,,,N,,,,,,,,,,,,,,,,,,,,,,,,,,,,,,,,,,2019/02/01,,,,,,,,,,,,,,,,,,,,,,,,,,,,,,,,,,,,,,,,,,,,,,,,,,,,,,,,,,,,,,,,,,,,
15145001,179,Item,24.69,,,,,,,,,,,,,,,,,N,1100-5101-3910-623-5070-00000-000-0000-00000-0000-000,,2019/02/01,,,,,,,,,,,,,,,,,,,,,,,,,,,,,N,,,,,,,,,,,,,,,,,,,,,,,,,,,,,,,,,,2019/02/01,,,,,,,,,,,,,,,,,,,,,,,,,,,,,,,,,,,,,,,,,,,,,,,,,,,,,,,,,,,,,,,,,,,,
15145001,180,Item,30.10,,,,,,,,,,,,,,,,,N,1100-5102-3910-737-5080-00000-000-0000-00000-0000-000,,2019/02/01,,,,,,,,,,,,,,,,,,,,,,,,,,,,,N,,,,,,,,,,,,,,,,,,,,,,,,,,,,,,,,,,2019/02/01,,,,,,,,,,,,,,,,,,,,,,,,,,,,,,,,,,,,,,,,,,,,,,,,,,,,,,,,,,,,,,,,,,,,
15145001,181,Item,9.30,,,,,,,,,,,,,,,,,N,1100-5103-3910-755-5240-00000-000-0000-00000-0000-000,,2019/02/01,,,,,,,,,,,,,,,,,,,,,,,,,,,,,N,,,,,,,,,,,,,,,,,,,,,,,,,,,,,,,,,,2019/02/01,,,,,,,,,,,,,,,,,,,,,,,,,,,,,,,,,,,,,,,,,,,,,,,,,,,,,,,,,,,,,,,,,,,,
15145001,182,Item,9.51,,,,,,,,,,,,,,,,,N,1100-6300-3910-503-1010-06150-000-0000-00000-0000-000,,2019/02/01,,,,,,,,,,,,,,,,,,,,,,,,,,,,,N,,,,,,,,,,,,,,,,,,,,,,,,,,,,,,,,,,2019/02/01,,,,,,,,,,,,,,,,,,,,,,,,,,,,,,,,,,,,,,,,,,,,,,,,,,,,,,,,,,,,,,,,,,,,
15145001,183,Item,67.89,,,,,,,,,,,,,,,,,N,1100-7300-3910-754-1010-00000-000-0000-00000-0000-000,,2019/02/01,,,,,,,,,,,,,,,,,,,,,,,,,,,,,N,,,,,,,,,,,,,,,,,,,,,,,,,,,,,,,,,,2019/02/01,,,,,,,,,,,,,,,,,,,,,,,,,,,,,,,,,,,,,,,,,,,,,,,,,,,,,,,,,,,,,,,,,,,,
15145001,184,Item,27.78,,,,,,,,,,,,,,,,,N,1100-5101-3910-623-5070-00000-000-0000-00000-0000-000,,2019/02/01,,,,,,,,,,,,,,,,,,,,,,,,,,,,,N,,,,,,,,,,,,,,,,,,,,,,,,,,,,,,,,,,2019/02/01,,,,,,,,,,,,,,,,,,,,,,,,,,,,,,,,,,,,,,,,,,,,,,,,,,,,,,,,,,,,,,,,,,,,
15145001,185,Item,26.64,,,,,,,,,,,,,,,,,N,1100-5101-3910-623-5070-00000-000-0000-00000-0000-000,,2019/02/01,,,,,,,,,,,,,,,,,,,,,,,,,,,,,N,,,,,,,,,,,,,,,,,,,,,,,,,,,,,,,,,,2019/02/01,,,,,,,,,,,,,,,,,,,,,,,,,,,,,,,,,,,,,,,,,,,,,,,,,,,,,,,,,,,,,,,,,,,,
15145001,186,Item,17.99,,,,,,,,,,,,,,,,,N,1100-5101-3910-662-5070-00000-000-0000-00000-0000-000,,2019/02/01,,,,,,,,,,,,,,,,,,,,,,,,,,,,,N,,,,,,,,,,,,,,,,,,,,,,,,,,,,,,,,,,2019/02/01,,,,,,,,,,,,,,,,,,,,,,,,,,,,,,,,,,,,,,,,,,,,,,,,,,,,,,,,,,,,,,,,,,,,
15145001,187,Item,24.13,,,,,,,,,,,,,,,,,N,1100-9100-3910-651-1010-14650-000-0000-00000-0000-000,,2019/02/01,,,,,,,,,,,,,,,,,,,,,,,,,,,,,N,,,,,,,,,,,,,,,,,,,,,,,,,,,,,,,,,,2019/02/01,,,,,,,,,,,,,,,,,,,,,,,,,,,,,,,,,,,,,,,,,,,,,,,,,,,,,,,,,,,,,,,,,,,,
15145001,188,Item,42.47,,,,,,,,,,,,,,,,,N,1100-7300-3910-604-1010-00000-000-0000-00000-0000-000,,2019/02/01,,,,,,,,,,,,,,,,,,,,,,,,,,,,,N,,,,,,,,,,,,,,,,,,,,,,,,,,,,,,,,,,2019/02/01,,,,,,,,,,,,,,,,,,,,,,,,,,,,,,,,,,,,,,,,,,,,,,,,,,,,,,,,,,,,,,,,,,,,
15145001,189,Item,28.10,,,,,,,,,,,,,,,,,N,1100-5101-3910-623-5070-00000-000-0000-00000-0000-000,,2019/02/01,,,,,,,,,,,,,,,,,,,,,,,,,,,,,N,,,,,,,,,,,,,,,,,,,,,,,,,,,,,,,,,,2019/02/01,,,,,,,,,,,,,,,,,,,,,,,,,,,,,,,,,,,,,,,,,,,,,,,,,,,,,,,,,,,,,,,,,,,,
15145001,190,Item,22.44,,,,,,,,,,,,,,,,,N,1100-7300-3910-646-1010-00000-000-0000-00000-0000-000,,2019/02/01,,,,,,,,,,,,,,,,,,,,,,,,,,,,,N,,,,,,,,,,,,,,,,,,,,,,,,,,,,,,,,,,2019/02/01,,,,,,,,,,,,,,,,,,,,,,,,,,,,,,,,,,,,,,,,,,,,,,,,,,,,,,,,,,,,,,,,,,,,
15145001,191,Item,44.48,,,,,,,,,,,,,,,,,N,1100-5101-3910-662-5070-00000-000-0000-00000-0000-000,,2019/02/01,,,,,,,,,,,,,,,,,,,,,,,,,,,,,N,,,,,,,,,,,,,,,,,,,,,,,,,,,,,,,,,,2019/02/01,,,,,,,,,,,,,,,,,,,,,,,,,,,,,,,,,,,,,,,,,,,,,,,,,,,,,,,,,,,,,,,,,,,,
15145001,192,Item,3.15,,,,,,,,,,,,,,,,,N,1100-7300-3910-637-1010-00000-000-0000-00000-0000-000,,2019/02/01,,,,,,,,,,,,,,,,,,,,,,,,,,,,,N,,,,,,,,,,,,,,,,,,,,,,,,,,,,,,,,,,2019/02/01,,,,,,,,,,,,,,,,,,,,,,,,,,,,,,,,,,,,,,,,,,,,,,,,,,,,,,,,,,,,,,,,,,,,
15145001,193,Item,3.15,,,,,,,,,,,,,,,,,N,1100-7300-3910-637-1010-00000-000-0000-00000-0000-000,,2019/02/01,,,,,,,,,,,,,,,,,,,,,,,,,,,,,N,,,,,,,,,,,,,,,,,,,,,,,,,,,,,,,,,,2019/02/01,,,,,,,,,,,,,,,,,,,,,,,,,,,,,,,,,,,,,,,,,,,,,,,,,,,,,,,,,,,,,,,,,,,,
15145001,194,Item,30.85,,,,,,,,,,,,,,,,,N,1100-7300-3910-759-1010-00000-000-0000-00000-0000-000,,2019/02/01,,,,,,,,,,,,,,,,,,,,,,,,,,,,,N,,,,,,,,,,,,,,,,,,,,,,,,,,,,,,,,,,2019/02/01,,,,,,,,,,,,,,,,,,,,,,,,,,,,,,,,,,,,,,,,,,,,,,,,,,,,,,,,,,,,,,,,,,,,
15145001,195,Item,18.63,,,,,,,,,,,,,,,,,N,1100-7300-3910-755-1010-00000-000-0000-00000-0000-000,,2019/02/01,,,,,,,,,,,,,,,,,,,,,,,,,,,,,N,,,,,,,,,,,,,,,,,,,,,,,,,,,,,,,,,,2019/02/01,,,,,,,,,,,,,,,,,,,,,,,,,,,,,,,,,,,,,,,,,,,,,,,,,,,,,,,,,,,,,,,,,,,,
15145001,196,Item,15.79,,,,,,,,,,,,,,,,,N,1100-9100-3910-651-1010-14650-000-0000-00000-0000-000,,2019/02/01,,,,,,,,,,,,,,,,,,,,,,,,,,,,,N,,,,,,,,,,,,,,,,,,,,,,,,,,,,,,,,,,2019/02/01,,,,,,,,,,,,,,,,,,,,,,,,,,,,,,,,,,,,,,,,,,,,,,,,,,,,,,,,,,,,,,,,,,,,
15145001,197,Item,19.40,,,,,,,,,,,,,,,,,N,1100-7300-3910-604-1010-00000-000-0000-00000-0000-000,,2019/02/01,,,,,,,,,,,,,,,,,,,,,,,,,,,,,N,,,,,,,,,,,,,,,,,,,,,,,,,,,,,,,,,,2019/02/01,,,,,,,,,,,,,,,,,,,,,,,,,,,,,,,,,,,,,,,,,,,,,,,,,,,,,,,,,,,,,,,,,,,,
15145001,198,Item,20.68,,,,,,,,,,,,,,,,,N,1100-5101-3910-662-5070-00000-000-0000-00000-0000-000,,2019/02/01,,,,,,,,,,,,,,,,,,,,,,,,,,,,,N,,,,,,,,,,,,,,,,,,,,,,,,,,,,,,,,,,2019/02/01,,,,,,,,,,,,,,,,,,,,,,,,,,,,,,,,,,,,,,,,,,,,,,,,,,,,,,,,,,,,,,,,,,,,
15145001,199,Item,6.25,,,,,,,,,,,,,,,,,N,1100-7760-3910-345-8570-00000-000-0000-00000-0000-000,,2019/02/01,,,,,,,,,,,,,,,,,,,,,,,,,,,,,N,,,,,,,,,,,,,,,,,,,,,,,,,,,,,,,,,,2019/02/01,,,,,,,,,,,,,,,,,,,,,,,,,,,,,,,,,,,,,,,,,,,,,,,,,,,,,,,,,,,,,,,,,,,,
15145001,200,Item,26.47,,,,,,,,,,,,,,,,,N,1100-7300-3910-619-1010-00000-000-0000-00000-0000-000,,2019/02/01,,,,,,,,,,,,,,,,,,,,,,,,,,,,,N,,,,,,,,,,,,,,,,,,,,,,,,,,,,,,,,,,2019/02/01,,,,,,,,,,,,,,,,,,,,,,,,,,,,,,,,,,,,,,,,,,,,,,,,,,,,,,,,,,,,,,,,,,,,
15145001,201,Item,13.97,,,,,,,,,,,,,,,,,N,1100-7300-3910-604-1010-00000-000-0000-00000-0000-000,,2019/02/01,,,,,,,,,,,,,,,,,,,,,,,,,,,,,N,,,,,,,,,,,,,,,,,,,,,,,,,,,,,,,,,,2019/02/01,,,,,,,,,,,,,,,,,,,,,,,,,,,,,,,,,,,,,,,,,,,,,,,,,,,,,,,,,,,,,,,,,,,,
15145001,202,Item,5.67,,,,,,,,,,,,,,,,,N,1100-7760-3910-345-8570-00000-000-0000-00000-0000-000,,2019/02/01,,,,,,,,,,,,,,,,,,,,,,,,,,,,,N,,,,,,,,,,,,,,,,,,,,,,,,,,,,,,,,,,2019/02/01,,,,,,,,,,,,,,,,,,,,,,,,,,,,,,,,,,,,,,,,,,,,,,,,,,,,,,,,,,,,,,,,,,,,
15145001,203,Item,6.47,,,,,,,,,,,,,,,,,N,1100-7760-3910-345-8570-00000-000-0000-00000-0000-000,,2019/02/01,,,,,,,,,,,,,,,,,,,,,,,,,,,,,N,,,,,,,,,,,,,,,,,,,,,,,,,,,,,,,,,,2019/02/01,,,,,,,,,,,,,,,,,,,,,,,,,,,,,,,,,,,,,,,,,,,,,,,,,,,,,,,,,,,,,,,,,,,,
15145001,204,Item,0.55,,,,,,,,,,,,,,,,,N,1100-7760-3910-345-8570-00000-000-0000-00000-0000-000,,2019/02/01,,,,,,,,,,,,,,,,,,,,,,,,,,,,,N,,,,,,,,,,,,,,,,,,,,,,,,,,,,,,,,,,2019/02/01,,,,,,,,,,,,,,,,,,,,,,,,,,,,,,,,,,,,,,,,,,,,,,,,,,,,,,,,,,,,,,,,,,,,
15145001,205,Item,48.81,,,,,,,,,,,,,,,,,N,1100-7760-3910-345-8570-00000-000-0000-00000-0000-000,,2019/02/01,,,,,,,,,,,,,,,,,,,,,,,,,,,,,N,,,,,,,,,,,,,,,,,,,,,,,,,,,,,,,,,,2019/02/01,,,,,,,,,,,,,,,,,,,,,,,,,,,,,,,,,,,,,,,,,,,,,,,,,,,,,,,,,,,,,,,,,,,,
15145001,206,Item,29.11,,,,,,,,,,,,,,,,,N,1100-7760-3910-345-8570-00000-000-0000-00000-0000-000,,2019/02/01,,,,,,,,,,,,,,,,,,,,,,,,,,,,,N,,,,,,,,,,,,,,,,,,,,,,,,,,,,,,,,,,2019/02/01,,,,,,,,,,,,,,,,,,,,,,,,,,,,,,,,,,,,,,,,,,,,,,,,,,,,,,,,,,,,,,,,,,,,
15145001,207,Item,15.25,,,,,,,,,,,,,,,,,N,1100-7760-3910-345-8570-00000-000-0000-00000-0000-000,,2019/02/01,,,,,,,,,,,,,,,,,,,,,,,,,,,,,N,,,,,,,,,,,,,,,,,,,,,,,,,,,,,,,,,,2019/02/01,,,,,,,,,,,,,,,,,,,,,,,,,,,,,,,,,,,,,,,,,,,,,,,,,,,,,,,,,,,,,,,,,,,,
15145001,208,Item,52.64,,,,,,,,,,,,,,,,,N,1100-7300-3910-646-1010-00000-000-0000-00000-0000-000,,2019/02/01,,,,,,,,,,,,,,,,,,,,,,,,,,,,,N,,,,,,,,,,,,,,,,,,,,,,,,,,,,,,,,,,2019/02/01,,,,,,,,,,,,,,,,,,,,,,,,,,,,,,,,,,,,,,,,,,,,,,,,,,,,,,,,,,,,,,,,,,,,
15145001,209,Item,29.70,,,,,,,,,,,,,,,,,N,1100-7760-3910-345-8570-00000-000-0000-00000-0000-000,,2019/02/01,,,,,,,,,,,,,,,,,,,,,,,,,,,,,N,,,,,,,,,,,,,,,,,,,,,,,,,,,,,,,,,,2019/02/01,,,,,,,,,,,,,,,,,,,,,,,,,,,,,,,,,,,,,,,,,,,,,,,,,,,,,,,,,,,,,,,,,,,,
15145001,210,Item,6.77,,,,,,,,,,,,,,,,,N,1100-7300-3910-637-1010-00000-000-0000-00000-0000-000,,2019/02/01,,,,,,,,,,,,,,,,,,,,,,,,,,,,,N,,,,,,,,,,,,,,,,,,,,,,,,,,,,,,,,,,2019/02/01,,,,,,,,,,,,,,,,,,,,,,,,,,,,,,,,,,,,,,,,,,,,,,,,,,,,,,,,,,,,,,,,,,,,
15145001,211,Item,62.78,,,,,,,,,,,,,,,,,N,1100-7300-3910-609-1010-00000-000-0000-00000-0000-000,,2019/02/01,,,,,,,,,,,,,,,,,,,,,,,,,,,,,N,,,,,,,,,,,,,,,,,,,,,,,,,,,,,,,,,,2019/02/01,,,,,,,,,,,,,,,,,,,,,,,,,,,,,,,,,,,,,,,,,,,,,,,,,,,,,,,,,,,,,,,,,,,,
15145001,212,Item,26.12,,,,,,,,,,,,,,,,,N,1100-7300-3910-619-1010-00000-000-0000-00000-0000-000,,2019/02/01,,,,,,,,,,,,,,,,,,,,,,,,,,,,,N,,,,,,,,,,,,,,,,,,,,,,,,,,,,,,,,,,2019/02/01,,,,,,,,,,,,,,,,,,,,,,,,,,,,,,,,,,,,,,,,,,,,,,,,,,,,,,,,,,,,,,,,,,,,
15145001,213,Item,20.90,,,,,,,,,,,,,,,,,N,1100-5103-3910-755-5150-00000-000-0000-00000-0000-000,,2019/02/01,,,,,,,,,,,,,,,,,,,,,,,,,,,,,N,,,,,,,,,,,,,,,,,,,,,,,,,,,,,,,,,,2019/02/01,,,,,,,,,,,,,,,,,,,,,,,,,,,,,,,,,,,,,,,,,,,,,,,,,,,,,,,,,,,,,,,,,,,,
15145001,214,Item,29.49,,,,,,,,,,,,,,,,,N,1100-7300-3910-646-1010-00000-000-0000-00000-0000-000,,2019/02/01,,,,,,,,,,,,,,,,,,,,,,,,,,,,,N,,,,,,,,,,,,,,,,,,,,,,,,,,,,,,,,,,2019/02/01,,,,,,,,,,,,,,,,,,,,,,,,,,,,,,,,,,,,,,,,,,,,,,,,,,,,,,,,,,,,,,,,,,,,
15145001,215,Item,9.91,,,,,,,,,,,,,,,,,N,1100-5101-3910-662-5070-00000-000-0000-00000-0000-000,,2019/02/01,,,,,,,,,,,,,,,,,,,,,,,,,,,,,N,,,,,,,,,,,,,,,,,,,,,,,,,,,,,,,,,,2019/02/01,,,,,,,,,,,,,,,,,,,,,,,,,,,,,,,,,,,,,,,,,,,,,,,,,,,,,,,,,,,,,,,,,,,,
15145001,216,Item,3.18,,,,,,,,,,,,,,,,,N,1100-5101-3910-623-5070-00000-000-0000-00000-0000-000,,2019/02/01,,,,,,,,,,,,,,,,,,,,,,,,,,,,,N,,,,,,,,,,,,,,,,,,,,,,,,,,,,,,,,,,2019/02/01,,,,,,,,,,,,,,,,,,,,,,,,,,,,,,,,,,,,,,,,,,,,,,,,,,,,,,,,,,,,,,,,,,,,
15145001,217,Item,42.16,,,,,,,,,,,,,,,,,N,1100-7300-3910-757-1010-00000-000-0000-00000-0000-000,,2019/02/01,,,,,,,,,,,,,,,,,,,,,,,,,,,,,N,,,,,,,,,,,,,,,,,,,,,,,,,,,,,,,,,,2019/02/01,,,,,,,,,,,,,,,,,,,,,,,,,,,,,,,,,,,,,,,,,,,,,,,,,,,,,,,,,,,,,,,,,,,,
15145001,218,Item,6.26,,,,,,,,,,,,,,,,,N,1100-7300-3910-604-1010-00000-000-0000-00000-0000-000,,2019/02/01,,,,,,,,,,,,,,,,,,,,,,,,,,,,,N,,,,,,,,,,,,,,,,,,,,,,,,,,,,,,,,,,2019/02/01,,,,,,,,,,,,,,,,,,,,,,,,,,,,,,,,,,,,,,,,,,,,,,,,,,,,,,,,,,,,,,,,,,,,
15145001,219,Item,5.14,,,,,,,,,,,,,,,,,N,1100-7760-3910-345-8570-00000-000-0000-00000-0000-000,,2019/02/01,,,,,,,,,,,,,,,,,,,,,,,,,,,,,N,,,,,,,,,,,,,,,,,,,,,,,,,,,,,,,,,,2019/02/01,,,,,,,,,,,,,,,,,,,,,,,,,,,,,,,,,,,,,,,,,,,,,,,,,,,,,,,,,,,,,,,,,,,,
15145001,220,Item,5.04,,,,,,,,,,,,,,,,,N,1100-7760-3910-345-8570-00000-000-0000-00000-0000-000,,2019/02/01,,,,,,,,,,,,,,,,,,,,,,,,,,,,,N,,,,,,,,,,,,,,,,,,,,,,,,,,,,,,,,,,2019/02/01,,,,,,,,,,,,,,,,,,,,,,,,,,,,,,,,,,,,,,,,,,,,,,,,,,,,,,,,,,,,,,,,,,,,
15145001,221,Item,4.70,,,,,,,,,,,,,,,,,N,1100-7760-3910-345-8570-00000-000-0000-00000-0000-000,,2019/02/01,,,,,,,,,,,,,,,,,,,,,,,,,,,,,N,,,,,,,,,,,,,,,,,,,,,,,,,,,,,,,,,,2019/02/01,,,,,,,,,,,,,,,,,,,,,,,,,,,,,,,,,,,,,,,,,,,,,,,,,,,,,,,,,,,,,,,,,,,,
15145001,222,Item,38.46,,,,,,,,,,,,,,,,,N,1100-6200-3910-701-6220-00000-000-0000-00000-0000-000,,2019/02/01,,,,,,,,,,,,,,,,,,,,,,,,,,,,,N,,,,,,,,,,,,,,,,,,,,,,,,,,,,,,,,,,2019/02/01,,,,,,,,,,,,,,,,,,,,,,,,,,,,,,,,,,,,,,,,,,,,,,,,,,,,,,,,,,,,,,,,,,,,
15145001,223,Item,9.66,,,,,,,,,,,,,,,,,N,1100-7760-3910-345-8570-00000-000-0000-00000-0000-000,,2019/02/01,,,,,,,,,,,,,,,,,,,,,,,,,,,,,N,,,,,,,,,,,,,,,,,,,,,,,,,,,,,,,,,,2019/02/01,,,,,,,,,,,,,,,,,,,,,,,,,,,,,,,,,,,,,,,,,,,,,,,,,,,,,,,,,,,,,,,,,,,,
15145001,224,Item,42.88,,,,,,,,,,,,,,,,,N,1100-7760-3910-345-8570-00000-000-0000-00000-0000-000,,2019/02/01,,,,,,,,,,,,,,,,,,,,,,,,,,,,,N,,,,,,,,,,,,,,,,,,,,,,,,,,,,,,,,,,2019/02/01,,,,,,,,,,,,,,,,,,,,,,,,,,,,,,,,,,,,,,,,,,,,,,,,,,,,,,,,,,,,,,,,,,,,
15145001,225,Item,45.28,,,,,,,,,,,,,,,,,N,1100-7760-3910-345-8570-00000-000-0000-00000-0000-000,,2019/02/01,,,,,,,,,,,,,,,,,,,,,,,,,,,,,N,,,,,,,,,,,,,,,,,,,,,,,,,,,,,,,,,,2019/02/01,,,,,,,,,,,,,,,,,,,,,,,,,,,,,,,,,,,,,,,,,,,,,,,,,,,,,,,,,,,,,,,,,,,,
15145001,226,Item,16.22,,,,,,,,,,,,,,,,,N,1100-7760-3910-345-8570-00000-000-0000-00000-0000-000,,2019/02/01,,,,,,,,,,,,,,,,,,,,,,,,,,,,,N,,,,,,,,,,,,,,,,,,,,,,,,,,,,,,,,,,2019/02/01,,,,,,,,,,,,,,,,,,,,,,,,,,,,,,,,,,,,,,,,,,,,,,,,,,,,,,,,,,,,,,,,,,,,
15145001,227,Item,49.44,,,,,,,,,,,,,,,,,N,1100-9100-3910-651-1010-14650-000-0000-00000-0000-000,,2019/02/01,,,,,,,,,,,,,,,,,,,,,,,,,,,,,N,,,,,,,,,,,,,,,,,,,,,,,,,,,,,,,,,,2019/02/01,,,,,,,,,,,,,,,,,,,,,,,,,,,,,,,,,,,,,,,,,,,,,,,,,,,,,,,,,,,,,,,,,,,,
15145001,228,Item,98.15,,,,,,,,,,,,,,,,,N,1100-5101-3910-652-1010-00000-000-0000-00000-0000-000,,2019/02/01,,,,,,,,,,,,,,,,,,,,,,,,,,,,,N,,,,,,,,,,,,,,,,,,,,,,,,,,,,,,,,,,2019/02/01,,,,,,,,,,,,,,,,,,,,,,,,,,,,,,,,,,,,,,,,,,,,,,,,,,,,,,,,,,,,,,,,,,,,
15145001,229,Item,26.74,,,,,,,,,,,,,,,,,N,1100-7760-3910-345-8570-00000-000-0000-00000-0000-000,,2019/02/01,,,,,,,,,,,,,,,,,,,,,,,,,,,,,N,,,,,,,,,,,,,,,,,,,,,,,,,,,,,,,,,,2019/02/01,,,,,,,,,,,,,,,,,,,,,,,,,,,,,,,,,,,,,,,,,,,,,,,,,,,,,,,,,,,,,,,,,,,,
15145001,230,Item,1.16,,,,,,,,,,,,,,,,,N,1100-7760-3910-345-8570-00000-000-0000-00000-0000-000,,2019/02/01,,,,,,,,,,,,,,,,,,,,,,,,,,,,,N,,,,,,,,,,,,,,,,,,,,,,,,,,,,,,,,,,2019/02/01,,,,,,,,,,,,,,,,,,,,,,,,,,,,,,,,,,,,,,,,,,,,,,,,,,,,,,,,,,,,,,,,,,,,
15145001,231,Item,12.32,,,,,,,,,,,,,,,,,N,1100-7300-3910-619-1010-00000-000-0000-00000-0000-000,,2019/02/01,,,,,,,,,,,,,,,,,,,,,,,,,,,,,N,,,,,,,,,,,,,,,,,,,,,,,,,,,,,,,,,,2019/02/01,,,,,,,,,,,,,,,,,,,,,,,,,,,,,,,,,,,,,,,,,,,,,,,,,,,,,,,,,,,,,,,,,,,,
15145001,232,Item,18.04,,,,,,,,,,,,,,,,,N,1100-5103-3910-751-5090-00000-000-0000-00000-0000-000,,2019/02/01,,,,,,,,,,,,,,,,,,,,,,,,,,,,,N,,,,,,,,,,,,,,,,,,,,,,,,,,,,,,,,,,2019/02/01,,,,,,,,,,,,,,,,,,,,,,,,,,,,,,,,,,,,,,,,,,,,,,,,,,,,,,,,,,,,,,,,,,,,
15145001,233,Item,19.35,,,,,,,,,,,,,,,,,N,1100-7300-3910-646-1010-00000-000-0000-00000-0000-000,,2019/02/01,,,,,,,,,,,,,,,,,,,,,,,,,,,,,N,,,,,,,,,,,,,,,,,,,,,,,,,,,,,,,,,,2019/02/01,,,,,,,,,,,,,,,,,,,,,,,,,,,,,,,,,,,,,,,,,,,,,,,,,,,,,,,,,,,,,,,,,,,,
15145001,234,Item,20.85,,,,,,,,,,,,,,,,,N,1100-9100-3910-651-1010-14650-000-0000-00000-0000-000,,2019/02/01,,,,,,,,,,,,,,,,,,,,,,,,,,,,,N,,,,,,,,,,,,,,,,,,,,,,,,,,,,,,,,,,2019/02/01,,,,,,,,,,,,,,,,,,,,,,,,,,,,,,,,,,,,,,,,,,,,,,,,,,,,,,,,,,,,,,,,,,,,
15145001,235,Item,3.56,,,,,,,,,,,,,,,,,N,1100-7300-3910-637-1010-00000-000-0000-00000-0000-000,,2019/02/01,,,,,,,,,,,,,,,,,,,,,,,,,,,,,N,,,,,,,,,,,,,,,,,,,,,,,,,,,,,,,,,,2019/02/01,,,,,,,,,,,,,,,,,,,,,,,,,,,,,,,,,,,,,,,,,,,,,,,,,,,,,,,,,,,,,,,,,,,,
15145001,236,Item,0.60,,,,,,,,,,,,,,,,,N,1100-5102-3910-737-5080-00000-000-0000-00000-0000-000,,2019/02/01,,,,,,,,,,,,,,,,,,,,,,,,,,,,,N,,,,,,,,,,,,,,,,,,,,,,,,,,,,,,,,,,2019/02/01,,,,,,,,,,,,,,,,,,,,,,,,,,,,,,,,,,,,,,,,,,,,,,,,,,,,,,,,,,,,,,,,,,,,
15145001,237,Item,27.98,,,,,,,,,,,,,,,,,N,1100-7300-3910-628-1010-00000-000-0000-00000-0000-000,,2019/02/01,,,,,,,,,,,,,,,,,,,,,,,,,,,,,N,,,,,,,,,,,,,,,,,,,,,,,,,,,,,,,,,,2019/02/01,,,,,,,,,,,,,,,,,,,,,,,,,,,,,,,,,,,,,,,,,,,,,,,,,,,,,,,,,,,,,,,,,,,,
15145001,238,Item,0.76,,,,,,,,,,,,,,,,,N,1100-7300-3910-754-1010-00070-000-0000-00000-0000-000,,2019/02/01,,,,,,,,,,,,,,,,,,,,,,,,,,,,,N,,,,,,,,,,,,,,,,,,,,,,,,,,,,,,,,,,2019/02/01,,,,,,,,,,,,,,,,,,,,,,,,,,,,,,,,,,,,,,,,,,,,,,,,,,,,,,,,,,,,,,,,,,,,
15145001,239,Item,19.56,,,,,,,,,,,,,,,,,N,1100-7300-3910-757-1010-00000-000-0000-00000-0000-000,,2019/02/01,,,,,,,,,,,,,,,,,,,,,,,,,,,,,N,,,,,,,,,,,,,,,,,,,,,,,,,,,,,,,,,,2019/02/01,,,,,,,,,,,,,,,,,,,,,,,,,,,,,,,,,,,,,,,,,,,,,,,,,,,,,,,,,,,,,,,,,,,,
15145001,240,Item,29.35,,,,,,,,,,,,,,,,,N,1100-5101-3910-621-5070-00000-000-0000-00000-0000-000,,2019/02/01,,,,,,,,,,,,,,,,,,,,,,,,,,,,,N,,,,,,,,,,,,,,,,,,,,,,,,,,,,,,,,,,2019/02/01,,,,,,,,,,,,,,,,,,,,,,,,,,,,,,,,,,,,,,,,,,,,,,,,,,,,,,,,,,,,,,,,,,,,
15145001,241,Item,3.33,,,,,,,,,,,,,,,,,N,1100-7300-3910-650-1010-00000-000-0000-00000-0000-000,,2019/02/01,,,,,,,,,,,,,,,,,,,,,,,,,,,,,N,,,,,,,,,,,,,,,,,,,,,,,,,,,,,,,,,,2019/02/01,,,,,,,,,,,,,,,,,,,,,,,,,,,,,,,,,,,,,,,,,,,,,,,,,,,,,,,,,,,,,,,,,,,,
15145001,242,Item,55.99,,,,,,,,,,,,,,,,,N,1100-5300-3910-754-5620-00000-000-0000-00000-0000-000,,2019/02/01,,,,,,,,,,,,,,,,,,,,,,,,,,,,,N,,,,,,,,,,,,,,,,,,,,,,,,,,,,,,,,,,2019/02/01,,,,,,,,,,,,,,,,,,,,,,,,,,,,,,,,,,,,,,,,,,,,,,,,,,,,,,,,,,,,,,,,,,,,
15145001,243,Item,20.97,,,,,,,,,,,,,,,,,N,1100-7300-3910-643-1010-00000-000-0000-00000-0000-000,,2019/02/01,,,,,,,,,,,,,,,,,,,,,,,,,,,,,N,,,,,,,,,,,,,,,,,,,,,,,,,,,,,,,,,,2019/02/01,,,,,,,,,,,,,,,,,,,,,,,,,,,,,,,,,,,,,,,,,,,,,,,,,,,,,,,,,,,,,,,,,,,,
15145001,244,Item,32.60,,,,,,,,,,,,,,,,,N,1100-5103-3910-757-5300-00000-000-0000-00000-0000-000,,2019/02/01,,,,,,,,,,,,,,,,,,,,,,,,,,,,,N,,,,,,,,,,,,,,,,,,,,,,,,,,,,,,,,,,2019/02/01,,,,,,,,,,,,,,,,,,,,,,,,,,,,,,,,,,,,,,,,,,,,,,,,,,,,,,,,,,,,,,,,,,,,
15145001,245,Item,23.89,,,,,,,,,,,,,,,,,N,1100-5101-3910-662-5070-00000-000-0000-00000-0000-000,,2019/02/01,,,,,,,,,,,,,,,,,,,,,,,,,,,,,N,,,,,,,,,,,,,,,,,,,,,,,,,,,,,,,,,,2019/02/01,,,,,,,,,,,,,,,,,,,,,,,,,,,,,,,,,,,,,,,,,,,,,,,,,,,,,,,,,,,,,,,,,,,,
15145001,246,Item,7.82,,,,,,,,,,,,,,,,,N,1100-7300-3910-753-1010-00000-000-0000-00000-0000-000,,2019/02/01,,,,,,,,,,,,,,,,,,,,,,,,,,,,,N,,,,,,,,,,,,,,,,,,,,,,,,,,,,,,,,,,2019/02/01,,,,,,,,,,,,,,,,,,,,,,,,,,,,,,,,,,,,,,,,,,,,,,,,,,,,,,,,,,,,,,,,,,,,
15145001,247,Item,43.84,,,,,,,,,,,,,,,,,N,1100-5101-3910-662-5070-00000-000-0000-00000-0000-000,,2019/02/01,,,,,,,,,,,,,,,,,,,,,,,,,,,,,N,,,,,,,,,,,,,,,,,,,,,,,,,,,,,,,,,,2019/02/01,,,,,,,,,,,,,,,,,,,,,,,,,,,,,,,,,,,,,,,,,,,,,,,,,,,,,,,,,,,,,,,,,,,,
15145001,248,Item,43.42,,,,,,,,,,,,,,,,,N,1100-7300-3910-636-1010-00000-000-0000-00000-0000-000,,2019/02/01,,,,,,,,,,,,,,,,,,,,,,,,,,,,,N,,,,,,,,,,,,,,,,,,,,,,,,,,,,,,,,,,2019/02/01,,,,,,,,,,,,,,,,,,,,,,,,,,,,,,,,,,,,,,,,,,,,,,,,,,,,,,,,,,,,,,,,,,,,
15145001,249,Item,29.87,,,,,,,,,,,,,,,,,N,1100-5200-3910-757-5400-00000-000-0000-00000-0000-000,,2019/02/01,,,,,,,,,,,,,,,,,,,,,,,,,,,,,N,,,,,,,,,,,,,,,,,,,,,,,,,,,,,,,,,,2019/02/01,,,,,,,,,,,,,,,,,,,,,,,,,,,,,,,,,,,,,,,,,,,,,,,,,,,,,,,,,,,,,,,,,,,,
15145001,250,Item,70.49,,,,,,,,,,,,,,,,,N,1100-7300-3910-611-1010-00000-000-0000-00000-0000-000,,2019/02/01,,,,,,,,,,,,,,,,,,,,,,,,,,,,,N,,,,,,,,,,,,,,,,,,,,,,,,,,,,,,,,,,2019/02/01,,,,,,,,,,,,,,,,,,,,,,,,,,,,,,,,,,,,,,,,,,,,,,,,,,,,,,,,,,,,,,,,,,,,
15145001,251,Item,10.56,,,,,,,,,,,,,,,,,N,1100-5103-3910-757-5240-00000-000-0000-00000-0000-000,,2019/02/01,,,,,,,,,,,,,,,,,,,,,,,,,,,,,N,,,,,,,,,,,,,,,,,,,,,,,,,,,,,,,,,,2019/02/01,,,,,,,,,,,,,,,,,,,,,,,,,,,,,,,,,,,,,,,,,,,,,,,,,,,,,,,,,,,,,,,,,,,,
15145001,252,Item,28.90,,,,,,,,,,,,,,,,,N,1100-5103-3910-757-5310-00000-000-0000-00000-0000-000,,2019/02/01,,,,,,,,,,,,,,,,,,,,,,,,,,,,,N,,,,,,,,,,,,,,,,,,,,,,,,,,,,,,,,,,2019/02/01,,,,,,,,,,,,,,,,,,,,,,,,,,,,,,,,,,,,,,,,,,,,,,,,,,,,,,,,,,,,,,,,,,,,
15145001,253,Item,28.30,,,,,,,,,,,,,,,,,N,1100-7300-3910-757-1010-00000-000-0000-00000-0000-000,,2019/02/01,,,,,,,,,,,,,,,,,,,,,,,,,,,,,N,,,,,,,,,,,,,,,,,,,,,,,,,,,,,,,,,,2019/02/01,,,,,,,,,,,,,,,,,,,,,,,,,,,,,,,,,,,,,,,,,,,,,,,,,,,,,,,,,,,,,,,,,,,,
15145001,254,Item,7.87,,,,,,,,,,,,,,,,,N,1100-7300-3910-753-1010-00000-000-0000-00000-0000-000,,2019/02/01,,,,,,,,,,,,,,,,,,,,,,,,,,,,,N,,,,,,,,,,,,,,,,,,,,,,,,,,,,,,,,,,2019/02/01,,,,,,,,,,,,,,,,,,,,,,,,,,,,,,,,,,,,,,,,,,,,,,,,,,,,,,,,,,,,,,,,,,,,
15145001,255,Item,9.25,,,,,,,,,,,,,,,,,N,1100-7300-3910-753-1010-00000-000-0000-00000-0000-000,,2019/02/01,,,,,,,,,,,,,,,,,,,,,,,,,,,,,N,,,,,,,,,,,,,,,,,,,,,,,,,,,,,,,,,,2019/02/01,,,,,,,,,,,,,,,,,,,,,,,,,,,,,,,,,,,,,,,,,,,,,,,,,,,,,,,,,,,,,,,,,,,,
15145001,256,Item,5.75,,,,,,,,,,,,,,,,,N,1100-7300-3910-753-1010-00000-000-0000-00000-0000-000,,2019/02/01,,,,,,,,,,,,,,,,,,,,,,,,,,,,,N,,,,,,,,,,,,,,,,,,,,,,,,,,,,,,,,,,2019/02/01,,,,,,,,,,,,,,,,,,,,,,,,,,,,,,,,,,,,,,,,,,,,,,,,,,,,,,,,,,,,,,,,,,,,
15145001,257,Item,19.13,,,,,,,,,,,,,,,,,N,1100-7760-3910-345-8570-00000-000-0000-00000-0000-000,,2019/02/01,,,,,,,,,,,,,,,,,,,,,,,,,,,,,N,,,,,,,,,,,,,,,,,,,,,,,,,,,,,,,,,,2019/02/01,,,,,,,,,,,,,,,,,,,,,,,,,,,,,,,,,,,,,,,,,,,,,,,,,,,,,,,,,,,,,,,,,,,,
15145001,258,Item,10.67,,,,,,,,,,,,,,,,,N,1100-7760-3910-345-8570-00000-000-0000-00000-0000-000,,2019/02/01,,,,,,,,,,,,,,,,,,,,,,,,,,,,,N,,,,,,,,,,,,,,,,,,,,,,,,,,,,,,,,,,2019/02/01,,,,,,,,,,,,,,,,,,,,,,,,,,,,,,,,,,,,,,,,,,,,,,,,,,,,,,,,,,,,,,,,,,,,
15145001,259,Item,11.06,,,,,,,,,,,,,,,,,N,1100-7760-3910-345-8570-00000-000-0000-00000-0000-000,,2019/02/01,,,,,,,,,,,,,,,,,,,,,,,,,,,,,N,,,,,,,,,,,,,,,,,,,,,,,,,,,,,,,,,,2019/02/01,,,,,,,,,,,,,,,,,,,,,,,,,,,,,,,,,,,,,,,,,,,,,,,,,,,,,,,,,,,,,,,,,,,,
15145001,260,Item,7.64,,,,,,,,,,,,,,,,,N,1100-7300-3910-753-1010-00000-000-0000-00000-0000-000,,2019/02/01,,,,,,,,,,,,,,,,,,,,,,,,,,,,,N,,,,,,,,,,,,,,,,,,,,,,,,,,,,,,,,,,2019/02/01,,,,,,,,,,,,,,,,,,,,,,,,,,,,,,,,,,,,,,,,,,,,,,,,,,,,,,,,,,,,,,,,,,,,
15145001,261,Item,14.71,,,,,,,,,,,,,,,,,N,1100-7300-3910-754-1010-00070-000-0000-00000-0000-000,,2019/02/01,,,,,,,,,,,,,,,,,,,,,,,,,,,,,N,,,,,,,,,,,,,,,,,,,,,,,,,,,,,,,,,,2019/02/01,,,,,,,,,,,,,,,,,,,,,,,,,,,,,,,,,,,,,,,,,,,,,,,,,,,,,,,,,,,,,,,,,,,,
15145001,262,Item,95.53,,,,,,,,,,,,,,,,,N,1100-7300-3910-647-1010-00000-000-0000-00000-0000-000,,2019/02/01,,,,,,,,,,,,,,,,,,,,,,,,,,,,,N,,,,,,,,,,,,,,,,,,,,,,,,,,,,,,,,,,2019/02/01,,,,,,,,,,,,,,,,,,,,,,,,,,,,,,,,,,,,,,,,,,,,,,,,,,,,,,,,,,,,,,,,,,,,
15145001,263,Item,8.23,,,,,,,,,,,,,,,,,N,1100-7300-3910-753-1010-00000-000-0000-00000-0000-000,,2019/02/01,,,,,,,,,,,,,,,,,,,,,,,,,,,,,N,,,,,,,,,,,,,,,,,,,,,,,,,,,,,,,,,,2019/02/01,,,,,,,,,,,,,,,,,,,,,,,,,,,,,,,,,,,,,,,,,,,,,,,,,,,,,,,,,,,,,,,,,,,,
15145001,264,Item,10.99,,,,,,,,,,,,,,,,,N,1100-7300-3910-753-1010-00000-000-0000-00000-0000-000,,2019/02/01,,,,,,,,,,,,,,,,,,,,,,,,,,,,,N,,,,,,,,,,,,,,,,,,,,,,,,,,,,,,,,,,2019/02/01,,,,,,,,,,,,,,,,,,,,,,,,,,,,,,,,,,,,,,,,,,,,,,,,,,,,,,,,,,,,,,,,,,,,
15145001,265,Item,118.64,,,,,,,,,,,,,,,,,N,1100-7300-3910-736-1010-00000-000-0000-00000-0000-000,,2019/02/01,,,,,,,,,,,,,,,,,,,,,,,,,,,,,N,,,,,,,,,,,,,,,,,,,,,,,,,,,,,,,,,,2019/02/01,,,,,,,,,,,,,,,,,,,,,,,,,,,,,,,,,,,,,,,,,,,,,,,,,,,,,,,,,,,,,,,,,,,,
15145001,266,Item,17.03,,,,,,,,,,,,,,,,,N,1100-7300-3910-753-1010-00000-000-0000-00000-0000-000,,2019/02/01,,,,,,,,,,,,,,,,,,,,,,,,,,,,,N,,,,,,,,,,,,,,,,,,,,,,,,,,,,,,,,,,2019/02/01,,,,,,,,,,,,,,,,,,,,,,,,,,,,,,,,,,,,,,,,,,,,,,,,,,,,,,,,,,,,,,,,,,,,
15145001,267,Item,25.63,,,,,,,,,,,,,,,,,N,1100-7300-3910-735-1010-00000-000-0000-00000-0000-000,,2019/02/01,,,,,,,,,,,,,,,,,,,,,,,,,,,,,N,,,,,,,,,,,,,,,,,,,,,,,,,,,,,,,,,,2019/02/01,,,,,,,,,,,,,,,,,,,,,,,,,,,,,,,,,,,,,,,,,,,,,,,,,,,,,,,,,,,,,,,,,,,,
15145001,268,Item,77.28,,,,,,,,,,,,,,,,,N,1100-5102-3910-642-5080-00000-000-0000-00000-0000-000,,2019/02/01,,,,,,,,,,,,,,,,,,,,,,,,,,,,,N,,,,,,,,,,,,,,,,,,,,,,,,,,,,,,,,,,2019/02/01,,,,,,,,,,,,,,,,,,,,,,,,,,,,,,,,,,,,,,,,,,,,,,,,,,,,,,,,,,,,,,,,,,,,
15145001,269,Item,41.95,,,,,,,,,,,,,,,,,N,1100-5200-3910-757-5400-00000-000-0000-00000-0000-000,,2019/02/01,,,,,,,,,,,,,,,,,,,,,,,,,,,,,N,,,,,,,,,,,,,,,,,,,,,,,,,,,,,,,,,,2019/02/01,,,,,,,,,,,,,,,,,,,,,,,,,,,,,,,,,,,,,,,,,,,,,,,,,,,,,,,,,,,,,,,,,,,,
15145001,270,Item,13.46,,,,,,,,,,,,,,,,,N,1100-6200-3910-650-6220-00000-000-0000-00000-0000-000,,2019/02/01,,,,,,,,,,,,,,,,,,,,,,,,,,,,,N,,,,,,,,,,,,,,,,,,,,,,,,,,,,,,,,,,2019/02/01,,,,,,,,,,,,,,,,,,,,,,,,,,,,,,,,,,,,,,,,,,,,,,,,,,,,,,,,,,,,,,,,,,,,
15145001,271,Item,5.56,,,,,,,,,,,,,,,,,N,1100-7300-3910-636-1010-00000-000-0000-00000-0000-000,,2019/02/01,,,,,,,,,,,,,,,,,,,,,,,,,,,,,N,,,,,,,,,,,,,,,,,,,,,,,,,,,,,,,,,,2019/02/01,,,,,,,,,,,,,,,,,,,,,,,,,,,,,,,,,,,,,,,,,,,,,,,,,,,,,,,,,,,,,,,,,,,,
15145001,272,Item,28.14,,,,,,,,,,,,,,,,,N,1100-5101-3910-662-5070-00000-000-0000-00000-0000-000,,2019/02/01,,,,,,,,,,,,,,,,,,,,,,,,,,,,,N,,,,,,,,,,,,,,,,,,,,,,,,,,,,,,,,,,2019/02/01,,,,,,,,,,,,,,,,,,,,,,,,,,,,,,,,,,,,,,,,,,,,,,,,,,,,,,,,,,,,,,,,,,,,
15145001,273,Item,81.15,,,,,,,,,,,,,,,,,N,1100-5101-3910-642-5070-00000-000-0000-00000-0000-000,,2019/02/01,,,,,,,,,,,,,,,,,,,,,,,,,,,,,N,,,,,,,,,,,,,,,,,,,,,,,,,,,,,,,,,,2019/02/01,,,,,,,,,,,,,,,,,,,,,,,,,,,,,,,,,,,,,,,,,,,,,,,,,,,,,,,,,,,,,,,,,,,,
15145001,274,Item,25.88,,,,,,,,,,,,,,,,,N,1100-7300-3910-753-1010-00000-000-0000-00000-0000-000,,2019/02/01,,,,,,,,,,,,,,,,,,,,,,,,,,,,,N,,,,,,,,,,,,,,,,,,,,,,,,,,,,,,,,,,2019/02/01,,,,,,,,,,,,,,,,,,,,,,,,,,,,,,,,,,,,,,,,,,,,,,,,,,,,,,,,,,,,,,,,,,,,
15145001,275,Item,1.54,,,,,,,,,,,,,,,,,N,1100-7300-3910-753-1010-00000-000-0000-00000-0000-000,,2019/02/01,,,,,,,,,,,,,,,,,,,,,,,,,,,,,N,,,,,,,,,,,,,,,,,,,,,,,,,,,,,,,,,,2019/02/01,,,,,,,,,,,,,,,,,,,,,,,,,,,,,,,,,,,,,,,,,,,,,,,,,,,,,,,,,,,,,,,,,,,,
15145001,276,Item,13.23,,,,,,,,,,,,,,,,,N,1100-9100-3910-629-1010-14650-000-0000-00000-0000-000,,2019/02/01,,,,,,,,,,,,,,,,,,,,,,,,,,,,,N,,,,,,,,,,,,,,,,,,,,,,,,,,,,,,,,,,2019/02/01,,,,,,,,,,,,,,,,,,,,,,,,,,,,,,,,,,,,,,,,,,,,,,,,,,,,,,,,,,,,,,,,,,,,
15145001,277,Item,24.66,,,,,,,,,,,,,,,,,N,1100-7300-3910-735-1010-00000-000-0000-00000-0000-000,,2019/02/01,,,,,,,,,,,,,,,,,,,,,,,,,,,,,N,,,,,,,,,,,,,,,,,,,,,,,,,,,,,,,,,,2019/02/01,,,,,,,,,,,,,,,,,,,,,,,,,,,,,,,,,,,,,,,,,,,,,,,,,,,,,,,,,,,,,,,,,,,,
15145001,278,Item,54.12,,,,,,,,,,,,,,,,,N,1100-5103-3910-754-5240-00000-000-0000-00000-0000-000,,2019/02/01,,,,,,,,,,,,,,,,,,,,,,,,,,,,,N,,,,,,,,,,,,,,,,,,,,,,,,,,,,,,,,,,2019/02/01,,,,,,,,,,,,,,,,,,,,,,,,,,,,,,,,,,,,,,,,,,,,,,,,,,,,,,,,,,,,,,,,,,,,
15145001,279,Item,118.12,,,,,,,,,,,,,,,,,N,1100-5103-3910-757-5260-00000-000-0000-00000-0000-000,,2019/02/01,,,,,,,,,,,,,,,,,,,,,,,,,,,,,N,,,,,,,,,,,,,,,,,,,,,,,,,,,,,,,,,,2019/02/01,,,,,,,,,,,,,,,,,,,,,,,,,,,,,,,,,,,,,,,,,,,,,,,,,,,,,,,,,,,,,,,,,,,,
15145001,280,Item,96.27,,,,,,,,,,,,,,,,,N,1100-7300-3910-636-1010-00000-000-0000-00000-0000-000,,2019/02/01,,,,,,,,,,,,,,,,,,,,,,,,,,,,,N,,,,,,,,,,,,,,,,,,,,,,,,,,,,,,,,,,2019/02/01,,,,,,,,,,,,,,,,,,,,,,,,,,,,,,,,,,,,,,,,,,,,,,,,,,,,,,,,,,,,,,,,,,,,
15145001,281,Item,131.52,,,,,,,,,,,,,,,,,N,1100-7300-3910-736-1010-00000-000-0000-00000-0000-000,,2019/02/01,,,,,,,,,,,,,,,,,,,,,,,,,,,,,N,,,,,,,,,,,,,,,,,,,,,,,,,,,,,,,,,,2019/02/01,,,,,,,,,,,,,,,,,,,,,,,,,,,,,,,,,,,,,,,,,,,,,,,,,,,,,,,,,,,,,,,,,,,,
15145001,282,Item,17.93,,,,,,,,,,,,,,,,,N,1100-7300-3910-753-1010-00000-000-0000-00000-0000-000,,2019/02/01,,,,,,,,,,,,,,,,,,,,,,,,,,,,,N,,,,,,,,,,,,,,,,,,,,,,,,,,,,,,,,,,2019/02/01,,,,,,,,,,,,,,,,,,,,,,,,,,,,,,,,,,,,,,,,,,,,,,,,,,,,,,,,,,,,,,,,,,,,
15145001,283,Item,57.41,,,,,,,,,,,,,,,,,N,1100-7300-3910-736-1010-00000-000-0000-00000-0000-000,,2019/02/01,,,,,,,,,,,,,,,,,,,,,,,,,,,,,N,,,,,,,,,,,,,,,,,,,,,,,,,,,,,,,,,,2019/02/01,,,,,,,,,,,,,,,,,,,,,,,,,,,,,,,,,,,,,,,,,,,,,,,,,,,,,,,,,,,,,,,,,,,,
15145001,284,Item,6.90,,,,,,,,,,,,,,,,,N,1100-7300-3910-753-1010-00000-000-0000-00000-0000-000,,2019/02/01,,,,,,,,,,,,,,,,,,,,,,,,,,,,,N,,,,,,,,,,,,,,,,,,,,,,,,,,,,,,,,,,2019/02/01,,,,,,,,,,,,,,,,,,,,,,,,,,,,,,,,,,,,,,,,,,,,,,,,,,,,,,,,,,,,,,,,,,,,
15145001,285,Item,59.45,,,,,,,,,,,,,,,,,N,1100-5101-3910-643-5070-00000-000-0000-00000-0000-000,,2019/02/01,,,,,,,,,,,,,,,,,,,,,,,,,,,,,N,,,,,,,,,,,,,,,,,,,,,,,,,,,,,,,,,,2019/02/01,,,,,,,,,,,,,,,,,,,,,,,,,,,,,,,,,,,,,,,,,,,,,,,,,,,,,,,,,,,,,,,,,,,,
15145001,286,Item,25.30,,,,,,,,,,,,,,,,,N,1100-7760-3910-345-8570-00000-000-0000-00000-0000-000,,2019/02/01,,,,,,,,,,,,,,,,,,,,,,,,,,,,,N,,,,,,,,,,,,,,,,,,,,,,,,,,,,,,,,,,2019/02/01,,,,,,,,,,,,,,,,,,,,,,,,,,,,,,,,,,,,,,,,,,,,,,,,,,,,,,,,,,,,,,,,,,,,
15145001,287,Item,5.53,,,,,,,,,,,,,,,,,N,1100-7760-3910-345-8570-00000-000-0000-00000-0000-000,,2019/02/01,,,,,,,,,,,,,,,,,,,,,,,,,,,,,N,,,,,,,,,,,,,,,,,,,,,,,,,,,,,,,,,,2019/02/01,,,,,,,,,,,,,,,,,,,,,,,,,,,,,,,,,,,,,,,,,,,,,,,,,,,,,,,,,,,,,,,,,,,,
15145001,288,Item,4.38,,,,,,,,,,,,,,,,,N,1100-7760-3910-345-8570-00000-000-0000-00000-0000-000,,2019/02/01,,,,,,,,,,,,,,,,,,,,,,,,,,,,,N,,,,,,,,,,,,,,,,,,,,,,,,,,,,,,,,,,2019/02/01,,,,,,,,,,,,,,,,,,,,,,,,,,,,,,,,,,,,,,,,,,,,,,,,,,,,,,,,,,,,,,,,,,,,
15145001,289,Item,38.48,,,,,,,,,,,,,,,,,N,1100-7760-3910-345-8570-00000-000-0000-00000-0000-000,,2019/02/01,,,,,,,,,,,,,,,,,,,,,,,,,,,,,N,,,,,,,,,,,,,,,,,,,,,,,,,,,,,,,,,,2019/02/01,,,,,,,,,,,,,,,,,,,,,,,,,,,,,,,,,,,,,,,,,,,,,,,,,,,,,,,,,,,,,,,,,,,,
15145001,290,Item,27.78,,,,,,,,,,,,,,,,,N,1100-9100-3910-651-1010-14650-000-0000-00000-0000-000,,2019/02/01,,,,,,,,,,,,,,,,,,,,,,,,,,,,,N,,,,,,,,,,,,,,,,,,,,,,,,,,,,,,,,,,2019/02/01,,,,,,,,,,,,,,,,,,,,,,,,,,,,,,,,,,,,,,,,,,,,,,,,,,,,,,,,,,,,,,,,,,,,
15145001,291,Item,4.42,,,,,,,,,,,,,,,,,N,1100-9100-3910-651-1010-14650-000-0000-00000-0000-000,,2019/02/01,,,,,,,,,,,,,,,,,,,,,,,,,,,,,N,,,,,,,,,,,,,,,,,,,,,,,,,,,,,,,,,,2019/02/01,,,,,,,,,,,,,,,,,,,,,,,,,,,,,,,,,,,,,,,,,,,,,,,,,,,,,,,,,,,,,,,,,,,,
15145001,292,Item,21.91,,,,,,,,,,,,,,,,,N,1100-5200-3910-755-5400-00000-000-0000-00000-0000-000,,2019/02/01,,,,,,,,,,,,,,,,,,,,,,,,,,,,,N,,,,,,,,,,,,,,,,,,,,,,,,,,,,,,,,,,2019/02/01,,,,,,,,,,,,,,,,,,,,,,,,,,,,,,,,,,,,,,,,,,,,,,,,,,,,,,,,,,,,,,,,,,,,
15145001,293,Item,49.22,,,,,,,,,,,,,,,,,N,1100-5200-3910-754-5400-00000-000-0000-00000-0000-000,,2019/02/01,,,,,,,,,,,,,,,,,,,,,,,,,,,,,N,,,,,,,,,,,,,,,,,,,,,,,,,,,,,,,,,,2019/02/01,,,,,,,,,,,,,,,,,,,,,,,,,,,,,,,,,,,,,,,,,,,,,,,,,,,,,,,,,,,,,,,,,,,,
15145001,294,Item,38.97,,,,,,,,,,,,,,,,,N,1100-7300-3910-733-1010-00000-000-0000-00000-0000-000,,2019/02/01,,,,,,,,,,,,,,,,,,,,,,,,,,,,,N,,,,,,,,,,,,,,,,,,,,,,,,,,,,,,,,,,2019/02/01,,,,,,,,,,,,,,,,,,,,,,,,,,,,,,,,,,,,,,,,,,,,,,,,,,,,,,,,,,,,,,,,,,,,
15145001,295,Item,46.49,,,,,,,,,,,,,,,,,N,1100-7300-3910-604-1010-00000-000-0000-00000-0000-000,,2019/02/01,,,,,,,,,,,,,,,,,,,,,,,,,,,,,N,,,,,,,,,,,,,,,,,,,,,,,,,,,,,,,,,,2019/02/01,,,,,,,,,,,,,,,,,,,,,,,,,,,,,,,,,,,,,,,,,,,,,,,,,,,,,,,,,,,,,,,,,,,,
15145001,296,Item,32.00,,,,,,,,,,,,,,,,,N,1100-7300-3910-721-1010-00000-000-0000-00000-0000-000,,2019/02/01,,,,,,,,,,,,,,,,,,,,,,,,,,,,,N,,,,,,,,,,,,,,,,,,,,,,,,,,,,,,,,,,2019/02/01,,,,,,,,,,,,,,,,,,,,,,,,,,,,,,,,,,,,,,,,,,,,,,,,,,,,,,,,,,,,,,,,,,,,
15145001,297,Item,54.63,,,,,,,,,,,,,,,,,N,1100-9100-3910-639-1010-14650-000-0000-00000-0000-000,,2019/02/01,,,,,,,,,,,,,,,,,,,,,,,,,,,,,N,,,,,,,,,,,,,,,,,,,,,,,,,,,,,,,,,,2019/02/01,,,,,,,,,,,,,,,,,,,,,,,,,,,,,,,,,,,,,,,,,,,,,,,,,,,,,,,,,,,,,,,,,,,,
15145001,298,Item,17.35,,,,,,,,,,,,,,,,,N,1100-5103-3910-755-5140-00000-000-0000-00000-0000-000,,2019/02/01,,,,,,,,,,,,,,,,,,,,,,,,,,,,,N,,,,,,,,,,,,,,,,,,,,,,,,,,,,,,,,,,2019/02/01,,,,,,,,,,,,,,,,,,,,,,,,,,,,,,,,,,,,,,,,,,,,,,,,,,,,,,,,,,,,,,,,,,,,
15145001,299,Item,33.10,,,,,,,,,,,,,,,,,N,1100-5101-3910-625-5070-00000-000-0000-00000-0000-000,,2019/02/01,,,,,,,,,,,,,,,,,,,,,,,,,,,,,N,,,,,,,,,,,,,,,,,,,,,,,,,,,,,,,,,,2019/02/01,,,,,,,,,,,,,,,,,,,,,,,,,,,,,,,,,,,,,,,,,,,,,,,,,,,,,,,,,,,,,,,,,,,,
15145001,300,Item,38.53,,,,,,,,,,,,,,,,,N,1100-7300-3910-702-1010-00000-000-0000-00000-0000-000,,2019/02/01,,,,,,,,,,,,,,,,,,,,,,,,,,,,,N,,,,,,,,,,,,,,,,,,,,,,,,,,,,,,,,,,2019/02/01,,,,,,,,,,,,,,,,,,,,,,,,,,,,,,,,,,,,,,,,,,,,,,,,,,,,,,,,,,,,,,,,,,,,
15145001,301,Item,31.74,,,,,,,,,,,,,,,,,N,1100-5101-3910-644-5070-00000-000-0000-00000-0000-000,,2019/02/01,,,,,,,,,,,,,,,,,,,,,,,,,,,,,N,,,,,,,,,,,,,,,,,,,,,,,,,,,,,,,,,,2019/02/01,,,,,,,,,,,,,,,,,,,,,,,,,,,,,,,,,,,,,,,,,,,,,,,,,,,,,,,,,,,,,,,,,,,,
15145001,302,Item,62.80,,,,,,,,,,,,,,,,,N,1100-5103-3910-754-5310-00000-000-0000-00000-0000-000,,2019/02/01,,,,,,,,,,,,,,,,,,,,,,,,,,,,,N,,,,,,,,,,,,,,,,,,,,,,,,,,,,,,,,,,2019/02/01,,,,,,,,,,,,,,,,,,,,,,,,,,,,,,,,,,,,,,,,,,,,,,,,,,,,,,,,,,,,,,,,,,,,
15145001,303,Item,10.79,,,,,,,,,,,,,,,,,N,1100-7300-3910-754-1010-00070-000-0000-00000-0000-000,,2019/02/01,,,,,,,,,,,,,,,,,,,,,,,,,,,,,N,,,,,,,,,,,,,,,,,,,,,,,,,,,,,,,,,,2019/02/01,,,,,,,,,,,,,,,,,,,,,,,,,,,,,,,,,,,,,,,,,,,,,,,,,,,,,,,,,,,,,,,,,,,,
15145001,304,Item,27.31,,,,,,,,,,,,,,,,,N,1100-6120-3910-755-6110-00000-000-0000-00000-0000-000,,2019/02/01,,,,,,,,,,,,,,,,,,,,,,,,,,,,,N,,,,,,,,,,,,,,,,,,,,,,,,,,,,,,,,,,2019/02/01,,,,,,,,,,,,,,,,,,,,,,,,,,,,,,,,,,,,,,,,,,,,,,,,,,,,,,,,,,,,,,,,,,,,
15145001,305,Item,40.44,,,,,,,,,,,,,,,,,N,1100-5102-3910-702-5080-00000-000-0000-00000-0000-000,,2019/02/01,,,,,,,,,,,,,,,,,,,,,,,,,,,,,N,,,,,,,,,,,,,,,,,,,,,,,,,,,,,,,,,,2019/02/01,,,,,,,,,,,,,,,,,,,,,,,,,,,,,,,,,,,,,,,,,,,,,,,,,,,,,,,,,,,,,,,,,,,,
15145001,306,Item,46.84,,,,,,,,,,,,,,,,,N,1100-5200-3910-705-5400-00000-000-0000-00000-0000-000,,2019/02/01,,,,,,,,,,,,,,,,,,,,,,,,,,,,,N,,,,,,,,,,,,,,,,,,,,,,,,,,,,,,,,,,2019/02/01,,,,,,,,,,,,,,,,,,,,,,,,,,,,,,,,,,,,,,,,,,,,,,,,,,,,,,,,,,,,,,,,,,,,
15145001,307,Item,9.07,,,,,,,,,,,,,,,,,N,1100-7300-3910-505-1010-00000-000-0000-00000-0000-000,,2019/02/01,,,,,,,,,,,,,,,,,,,,,,,,,,,,,N,,,,,,,,,,,,,,,,,,,,,,,,,,,,,,,,,,2019/02/01,,,,,,,,,,,,,,,,,,,,,,,,,,,,,,,,,,,,,,,,,,,,,,,,,,,,,,,,,,,,,,,,,,,,
15145001,308,Item,27.92,,,,,,,,,,,,,,,,,N,1100-5103-3910-754-5300-00000-000-0000-00000-0000-000,,2019/02/01,,,,,,,,,,,,,,,,,,,,,,,,,,,,,N,,,,,,,,,,,,,,,,,,,,,,,,,,,,,,,,,,2019/02/01,,,,,,,,,,,,,,,,,,,,,,,,,,,,,,,,,,,,,,,,,,,,,,,,,,,,,,,,,,,,,,,,,,,,
15145001,309,Item,10.42,,,,,,,,,,,,,,,,,N,1100-9100-3910-651-1010-14650-000-0000-00000-0000-000,,2019/02/01,,,,,,,,,,,,,,,,,,,,,,,,,,,,,N,,,,,,,,,,,,,,,,,,,,,,,,,,,,,,,,,,2019/02/01,,,,,,,,,,,,,,,,,,,,,,,,,,,,,,,,,,,,,,,,,,,,,,,,,,,,,,,,,,,,,,,,,,,,
15145001,310,Item,60.04,,,,,,,,,,,,,,,,,N,1100-7300-3910-628-1010-00000-000-0000-00000-0000-000,,2019/02/01,,,,,,,,,,,,,,,,,,,,,,,,,,,,,N,,,,,,,,,,,,,,,,,,,,,,,,,,,,,,,,,,2019/02/01,,,,,,,,,,,,,,,,,,,,,,,,,,,,,,,,,,,,,,,,,,,,,,,,,,,,,,,,,,,,,,,,,,,,
15145001,311,Item,50.69,,,,,,,,,,,,,,,,,N,1100-7300-3910-755-1010-00000-000-0000-00000-0000-000,,2019/02/01,,,,,,,,,,,,,,,,,,,,,,,,,,,,,N,,,,,,,,,,,,,,,,,,,,,,,,,,,,,,,,,,2019/02/01,,,,,,,,,,,,,,,,,,,,,,,,,,,,,,,,,,,,,,,,,,,,,,,,,,,,,,,,,,,,,,,,,,,,
15145001,312,Item,17.64,,,,,,,,,,,,,,,,,N,1100-5103-3910-752-5090-00000-000-0000-00000-0000-000,,2019/02/01,,,,,,,,,,,,,,,,,,,,,,,,,,,,,N,,,,,,,,,,,,,,,,,,,,,,,,,,,,,,,,,,2019/02/01,,,,,,,,,,,,,,,,,,,,,,,,,,,,,,,,,,,,,,,,,,,,,,,,,,,,,,,,,,,,,,,,,,,,
15145001,313,Item,40.67,,,,,,,,,,,,,,,,,N,1100-7300-3910-617-1010-00000-000-0000-00000-0000-000,,2019/02/01,,,,,,,,,,,,,,,,,,,,,,,,,,,,,N,,,,,,,,,,,,,,,,,,,,,,,,,,,,,,,,,,2019/02/01,,,,,,,,,,,,,,,,,,,,,,,,,,,,,,,,,,,,,,,,,,,,,,,,,,,,,,,,,,,,,,,,,,,,
15145001,314,Item,28.82,,,,,,,,,,,,,,,,,N,1100-5102-3910-702-5080-00000-000-0000-00000-0000-000,,2019/02/01,,,,,,,,,,,,,,,,,,,,,,,,,,,,,N,,,,,,,,,,,,,,,,,,,,,,,,,,,,,,,,,,2019/02/01,,,,,,,,,,,,,,,,,,,,,,,,,,,,,,,,,,,,,,,,,,,,,,,,,,,,,,,,,,,,,,,,,,,,
15145001,315,Item,29.08,,,,,,,,,,,,,,,,,N,1100-5103-3910-752-5090-00000-000-0000-00000-0000-000,,2019/02/01,,,,,,,,,,,,,,,,,,,,,,,,,,,,,N,,,,,,,,,,,,,,,,,,,,,,,,,,,,,,,,,,2019/02/01,,,,,,,,,,,,,,,,,,,,,,,,,,,,,,,,,,,,,,,,,,,,,,,,,,,,,,,,,,,,,,,,,,,,
15145001,316,Item,16.96,,,,,,,,,,,,,,,,,N,1100-7300-3910-754-1010-00070-000-0000-00000-0000-000,,2019/02/01,,,,,,,,,,,,,,,,,,,,,,,,,,,,,N,,,,,,,,,,,,,,,,,,,,,,,,,,,,,,,,,,2019/02/01,,,,,,,,,,,,,,,,,,,,,,,,,,,,,,,,,,,,,,,,,,,,,,,,,,,,,,,,,,,,,,,,,,,,
15145001,317,Item,22.20,,,,,,,,,,,,,,,,,N,1100-7300-3910-733-1010-00000-000-0000-00000-0000-000,,2019/02/01,,,,,,,,,,,,,,,,,,,,,,,,,,,,,N,,,,,,,,,,,,,,,,,,,,,,,,,,,,,,,,,,2019/02/01,,,,,,,,,,,,,,,,,,,,,,,,,,,,,,,,,,,,,,,,,,,,,,,,,,,,,,,,,,,,,,,,,,,,
15145001,318,Item,33.81,,,,,,,,,,,,,,,,,N,1100-7300-3910-705-1010-00000-000-0000-00000-0000-000,,2019/02/01,,,,,,,,,,,,,,,,,,,,,,,,,,,,,N,,,,,,,,,,,,,,,,,,,,,,,,,,,,,,,,,,2019/02/01,,,,,,,,,,,,,,,,,,,,,,,,,,,,,,,,,,,,,,,,,,,,,,,,,,,,,,,,,,,,,,,,,,,,
15145001,319,Item,39.95,,,,,,,,,,,,,,,,,N,1100-5103-3910-754-5150-00000-000-0000-00000-0000-000,,2019/02/01,,,,,,,,,,,,,,,,,,,,,,,,,,,,,N,,,,,,,,,,,,,,,,,,,,,,,,,,,,,,,,,,2019/02/01,,,,,,,,,,,,,,,,,,,,,,,,,,,,,,,,,,,,,,,,,,,,,,,,,,,,,,,,,,,,,,,,,,,,
15145001,320,Item,31.34,,,,,,,,,,,,,,,,,N,1100-5102-3910-702-5140-00000-000-0000-00000-0000-000,,2019/02/01,,,,,,,,,,,,,,,,,,,,,,,,,,,,,N,,,,,,,,,,,,,,,,,,,,,,,,,,,,,,,,,,2019/02/01,,,,,,,,,,,,,,,,,,,,,,,,,,,,,,,,,,,,,,,,,,,,,,,,,,,,,,,,,,,,,,,,,,,,
15145001,321,Item,22.21,,,,,,,,,,,,,,,,,N,1100-7760-3910-345-8570-00000-000-0000-00000-0000-000,,2019/02/01,,,,,,,,,,,,,,,,,,,,,,,,,,,,,N,,,,,,,,,,,,,,,,,,,,,,,,,,,,,,,,,,2019/02/01,,,,,,,,,,,,,,,,,,,,,,,,,,,,,,,,,,,,,,,,,,,,,,,,,,,,,,,,,,,,,,,,,,,,
15145001,322,Item,54.88,,,,,,,,,,,,,,,,,N,1100-7300-3910-648-1010-00000-000-0000-00000-0000-000,,2019/02/01,,,,,,,,,,,,,,,,,,,,,,,,,,,,,N,,,,,,,,,,,,,,,,,,,,,,,,,,,,,,,,,,2019/02/01,,,,,,,,,,,,,,,,,,,,,,,,,,,,,,,,,,,,,,,,,,,,,,,,,,,,,,,,,,,,,,,,,,,,
15145001,323,Item,45.86,,,,,,,,,,,,,,,,,N,1100-5101-3910-644-5070-00000-000-0000-00000-0000-000,,2019/02/01,,,,,,,,,,,,,,,,,,,,,,,,,,,,,N,,,,,,,,,,,,,,,,,,,,,,,,,,,,,,,,,,2019/02/01,,,,,,,,,,,,,,,,,,,,,,,,,,,,,,,,,,,,,,,,,,,,,,,,,,,,,,,,,,,,,,,,,,,,
15145001,324,Item,25.57,,,,,,,,,,,,,,,,,N,1100-7300-3910-658-1010-00000-000-0000-00000-0000-000,,2019/02/01,,,,,,,,,,,,,,,,,,,,,,,,,,,,,N,,,,,,,,,,,,,,,,,,,,,,,,,,,,,,,,,,2019/02/01,,,,,,,,,,,,,,,,,,,,,,,,,,,,,,,,,,,,,,,,,,,,,,,,,,,,,,,,,,,,,,,,,,,,
15145001,325,Item,11.31,,,,,,,,,,,,,,,,,N,1100-7300-3910-754-1010-00000-000-0000-00000-0000-000,,2019/02/01,,,,,,,,,,,,,,,,,,,,,,,,,,,,,N,,,,,,,,,,,,,,,,,,,,,,,,,,,,,,,,,,2019/02/01,,,,,,,,,,,,,,,,,,,,,,,,,,,,,,,,,,,,,,,,,,,,,,,,,,,,,,,,,,,,,,,,,,,,
15145001,326,Item,28.50,,,,,,,,,,,,,,,,,N,1100-5101-3910-617-5070-00000-000-0000-00000-0000-000,,2019/02/01,,,,,,,,,,,,,,,,,,,,,,,,,,,,,N,,,,,,,,,,,,,,,,,,,,,,,,,,,,,,,,,,2019/02/01,,,,,,,,,,,,,,,,,,,,,,,,,,,,,,,,,,,,,,,,,,,,,,,,,,,,,,,,,,,,,,,,,,,,
15145001,327,Item,37.85,,,,,,,,,,,,,,,,,N,1100-5101-3910-618-5070-00000-000-0000-00000-0000-000,,2019/02/01,,,,,,,,,,,,,,,,,,,,,,,,,,,,,N,,,,,,,,,,,,,,,,,,,,,,,,,,,,,,,,,,2019/02/01,,,,,,,,,,,,,,,,,,,,,,,,,,,,,,,,,,,,,,,,,,,,,,,,,,,,,,,,,,,,,,,,,,,,
15145001,328,Item,68.82,,,,,,,,,,,,,,,,,N,1100-7300-3910-614-1010-00000-000-0000-00000-0000-000,,2019/02/01,,,,,,,,,,,,,,,,,,,,,,,,,,,,,N,,,,,,,,,,,,,,,,,,,,,,,,,,,,,,,,,,2019/02/01,,,,,,,,,,,,,,,,,,,,,,,,,,,,,,,,,,,,,,,,,,,,,,,,,,,,,,,,,,,,,,,,,,,,
15145001,329,Item,40.58,,,,,,,,,,,,,,,,,N,1100-5103-3910-754-5260-00000-000-0000-00000-0000-000,,2019/02/01,,,,,,,,,,,,,,,,,,,,,,,,,,,,,N,,,,,,,,,,,,,,,,,,,,,,,,,,,,,,,,,,2019/02/01,,,,,,,,,,,,,,,,,,,,,,,,,,,,,,,,,,,,,,,,,,,,,,,,,,,,,,,,,,,,,,,,,,,,
15145001,330,Item,101.20,,,,,,,,,,,,,,,,,N,1100-7300-3910-635-1010-00000-000-0000-00000-0000-000,,2019/02/01,,,,,,,,,,,,,,,,,,,,,,,,,,,,,N,,,,,,,,,,,,,,,,,,,,,,,,,,,,,,,,,,2019/02/01,,,,,,,,,,,,,,,,,,,,,,,,,,,,,,,,,,,,,,,,,,,,,,,,,,,,,,,,,,,,,,,,,,,,
15145001,331,Item,29.32,,,,,,,,,,,,,,,,,N,1100-7300-3910-752-1010-00000-000-0000-00000-0000-000,,2019/02/01,,,,,,,,,,,,,,,,,,,,,,,,,,,,,N,,,,,,,,,,,,,,,,,,,,,,,,,,,,,,,,,,2019/02/01,,,,,,,,,,,,,,,,,,,,,,,,,,,,,,,,,,,,,,,,,,,,,,,,,,,,,,,,,,,,,,,,,,,,
15145001,332,Item,43.05,,,,,,,,,,,,,,,,,N,1100-6120-3910-754-6110-00000-000-0000-00000-0000-000,,2019/02/01,,,,,,,,,,,,,,,,,,,,,,,,,,,,,N,,,,,,,,,,,,,,,,,,,,,,,,,,,,,,,,,,2019/02/01,,,,,,,,,,,,,,,,,,,,,,,,,,,,,,,,,,,,,,,,,,,,,,,,,,,,,,,,,,,,,,,,,,,,
15145001,333,Item,11.59,,,,,,,,,,,,,,,,,N,1100-5200-3910-702-5400-00000-000-0000-00000-0000-000,,2019/02/01,,,,,,,,,,,,,,,,,,,,,,,,,,,,,N,,,,,,,,,,,,,,,,,,,,,,,,,,,,,,,,,,2019/02/01,,,,,,,,,,,,,,,,,,,,,,,,,,,,,,,,,,,,,,,,,,,,,,,,,,,,,,,,,,,,,,,,,,,,
15145001,334,Item,5.70,,,,,,,,,,,,,,,,,N,1100-5101-3910-625-5070-00000-000-0000-00000-0000-000,,2019/02/01,,,,,,,,,,,,,,,,,,,,,,,,,,,,,N,,,,,,,,,,,,,,,,,,,,,,,,,,,,,,,,,,2019/02/01,,,,,,,,,,,,,,,,,,,,,,,,,,,,,,,,,,,,,,,,,,,,,,,,,,,,,,,,,,,,,,,,,,,,
15145001,335,Item,55.45,,,,,,,,,,,,,,,,,N,1100-5102-3910-702-5080-00000-000-0000-00000-0000-000,,2019/02/01,,,,,,,,,,,,,,,,,,,,,,,,,,,,,N,,,,,,,,,,,,,,,,,,,,,,,,,,,,,,,,,,2019/02/01,,,,,,,,,,,,,,,,,,,,,,,,,,,,,,,,,,,,,,,,,,,,,,,,,,,,,,,,,,,,,,,,,,,,
15145001,336,Item,10.24,,,,,,,,,,,,,,,,,N,1100-7300-3910-754-1010-00070-000-0000-00000-0000-000,,2019/02/01,,,,,,,,,,,,,,,,,,,,,,,,,,,,,N,,,,,,,,,,,,,,,,,,,,,,,,,,,,,,,,,,2019/02/01,,,,,,,,,,,,,,,,,,,,,,,,,,,,,,,,,,,,,,,,,,,,,,,,,,,,,,,,,,,,,,,,,,,,
15145001,337,Item,58.97,,,,,,,,,,,,,,,,,N,1100-5102-3910-721-5080-00000-000-0000-00000-0000-000,,2019/02/01,,,,,,,,,,,,,,,,,,,,,,,,,,,,,N,,,,,,,,,,,,,,,,,,,,,,,,,,,,,,,,,,2019/02/01,,,,,,,,,,,,,,,,,,,,,,,,,,,,,,,,,,,,,,,,,,,,,,,,,,,,,,,,,,,,,,,,,,,,
15145001,338,Item,12.10,,,,,,,,,,,,,,,,,N,1100-5103-3910-752-5090-00000-000-0000-00000-0000-000,,2019/02/01,,,,,,,,,,,,,,,,,,,,,,,,,,,,,N,,,,,,,,,,,,,,,,,,,,,,,,,,,,,,,,,,2019/02/01,,,,,,,,,,,,,,,,,,,,,,,,,,,,,,,,,,,,,,,,,,,,,,,,,,,,,,,,,,,,,,,,,,,,
15145001,339,Item,47.47,,,,,,,,,,,,,,,,,N,1100-7300-3910-618-1010-00000-000-0000-00000-0000-000,,2019/02/01,,,,,,,,,,,,,,,,,,,,,,,,,,,,,N,,,,,,,,,,,,,,,,,,,,,,,,,,,,,,,,,,2019/02/01,,,,,,,,,,,,,,,,,,,,,,,,,,,,,,,,,,,,,,,,,,,,,,,,,,,,,,,,,,,,,,,,,,,,
15145001,340,Item,10.17,,,,,,,,,,,,,,,,,N,1100-5103-3910-752-5090-00000-000-0000-00000-0000-000,,2019/02/01,,,,,,,,,,,,,,,,,,,,,,,,,,,,,N,,,,,,,,,,,,,,,,,,,,,,,,,,,,,,,,,,2019/02/01,,,,,,,,,,,,,,,,,,,,,,,,,,,,,,,,,,,,,,,,,,,,,,,,,,,,,,,,,,,,,,,,,,,,
15145001,341,Item,49.94,,,,,,,,,,,,,,,,,N,1100-5101-3910-624-5070-00000-000-0000-00000-0000-000,,2019/02/01,,,,,,,,,,,,,,,,,,,,,,,,,,,,,N,,,,,,,,,,,,,,,,,,,,,,,,,,,,,,,,,,2019/02/01,,,,,,,,,,,,,,,,,,,,,,,,,,,,,,,,,,,,,,,,,,,,,,,,,,,,,,,,,,,,,,,,,,,,
15145001,342,Item,71.22,,,,,,,,,,,,,,,,,N,1100-7300-3910-648-1010-00000-000-0000-00000-0000-000,,2019/02/01,,,,,,,,,,,,,,,,,,,,,,,,,,,,,N,,,,,,,,,,,,,,,,,,,,,,,,,,,,,,,,,,2019/02/01,,,,,,,,,,,,,,,,,,,,,,,,,,,,,,,,,,,,,,,,,,,,,,,,,,,,,,,,,,,,,,,,,,,,
15145001,343,Item,45.30,,,,,,,,,,,,,,,,,N,1100-7300-3910-605-1010-00000-000-0000-00000-0000-000,,2019/02/01,,,,,,,,,,,,,,,,,,,,,,,,,,,,,N,,,,,,,,,,,,,,,,,,,,,,,,,,,,,,,,,,2019/02/01,,,,,,,,,,,,,,,,,,,,,,,,,,,,,,,,,,,,,,,,,,,,,,,,,,,,,,,,,,,,,,,,,,,,
15145001,344,Item,31.73,,,,,,,,,,,,,,,,,N,1100-7760-3910-345-8570-00000-000-0000-00000-0000-000,,2019/02/01,,,,,,,,,,,,,,,,,,,,,,,,,,,,,N,,,,,,,,,,,,,,,,,,,,,,,,,,,,,,,,,,2019/02/01,,,,,,,,,,,,,,,,,,,,,,,,,,,,,,,,,,,,,,,,,,,,,,,,,,,,,,,,,,,,,,,,,,,,
15145001,345,Item,13.28,,,,,,,,,,,,,,,,,N,1100-7760-3910-345-8570-00000-000-0000-00000-0000-000,,2019/02/01,,,,,,,,,,,,,,,,,,,,,,,,,,,,,N,,,,,,,,,,,,,,,,,,,,,,,,,,,,,,,,,,2019/02/01,,,,,,,,,,,,,,,,,,,,,,,,,,,,,,,,,,,,,,,,,,,,,,,,,,,,,,,,,,,,,,,,,,,,
15145001,346,Item,2.59,,,,,,,,,,,,,,,,,N,1100-7760-3910-345-8570-00000-000-0000-00000-0000-000,,2019/02/01,,,,,,,,,,,,,,,,,,,,,,,,,,,,,N,,,,,,,,,,,,,,,,,,,,,,,,,,,,,,,,,,2019/02/01,,,,,,,,,,,,,,,,,,,,,,,,,,,,,,,,,,,,,,,,,,,,,,,,,,,,,,,,,,,,,,,,,,,,
15145001,347,Item,14.09,,,,,,,,,,,,,,,,,N,1100-7760-3910-345-8570-00000-000-0000-00000-0000-000,,2019/02/01,,,,,,,,,,,,,,,,,,,,,,,,,,,,,N,,,,,,,,,,,,,,,,,,,,,,,,,,,,,,,,,,2019/02/01,,,,,,,,,,,,,,,,,,,,,,,,,,,,,,,,,,,,,,,,,,,,,,,,,,,,,,,,,,,,,,,,,,,,
15145001,348,Item,3.64,,,,,,,,,,,,,,,,,N,1100-7760-3910-345-8570-00000-000-0000-00000-0000-000,,2019/02/01,,,,,,,,,,,,,,,,,,,,,,,,,,,,,N,,,,,,,,,,,,,,,,,,,,,,,,,,,,,,,,,,2019/02/01,,,,,,,,,,,,,,,,,,,,,,,,,,,,,,,,,,,,,,,,,,,,,,,,,,,,,,,,,,,,,,,,,,,,
15145001,349,Item,5.47,,,,,,,,,,,,,,,,,N,1100-7760-3910-345-8570-00000-000-0000-00000-0000-000,,2019/02/01,,,,,,,,,,,,,,,,,,,,,,,,,,,,,N,,,,,,,,,,,,,,,,,,,,,,,,,,,,,,,,,,2019/02/01,,,,,,,,,,,,,,,,,,,,,,,,,,,,,,,,,,,,,,,,,,,,,,,,,,,,,,,,,,,,,,,,,,,,
15145001,350,Item,39.51,,,,,,,,,,,,,,,,,N,1100-7760-3910-345-8570-00000-000-0000-00000-0000-000,,2019/02/01,,,,,,,,,,,,,,,,,,,,,,,,,,,,,N,,,,,,,,,,,,,,,,,,,,,,,,,,,,,,,,,,2019/02/01,,,,,,,,,,,,,,,,,,,,,,,,,,,,,,,,,,,,,,,,,,,,,,,,,,,,,,,,,,,,,,,,,,,,
15145001,351,Item,39.36,,,,,,,,,,,,,,,,,N,1100-7760-3910-345-8570-00000-000-0000-00000-0000-000,,2019/02/01,,,,,,,,,,,,,,,,,,,,,,,,,,,,,N,,,,,,,,,,,,,,,,,,,,,,,,,,,,,,,,,,2019/02/01,,,,,,,,,,,,,,,,,,,,,,,,,,,,,,,,,,,,,,,,,,,,,,,,,,,,,,,,,,,,,,,,,,,,
15145001,352,Item,9.11,,,,,,,,,,,,,,,,,N,1100-7760-3910-345-8570-00000-000-0000-00000-0000-000,,2019/02/01,,,,,,,,,,,,,,,,,,,,,,,,,,,,,N,,,,,,,,,,,,,,,,,,,,,,,,,,,,,,,,,,2019/02/01,,,,,,,,,,,,,,,,,,,,,,,,,,,,,,,,,,,,,,,,,,,,,,,,,,,,,,,,,,,,,,,,,,,,
15145001,353,Item,8.37,,,,,,,,,,,,,,,,,N,1100-7760-3910-345-8570-00000-000-0000-00000-0000-000,,2019/02/01,,,,,,,,,,,,,,,,,,,,,,,,,,,,,N,,,,,,,,,,,,,,,,,,,,,,,,,,,,,,,,,,2019/02/01,,,,,,,,,,,,,,,,,,,,,,,,,,,,,,,,,,,,,,,,,,,,,,,,,,,,,,,,,,,,,,,,,,,,
15145001,354,Item,4.13,,,,,,,,,,,,,,,,,N,1100-7760-3910-345-8570-00000-000-0000-00000-0000-000,,2019/02/01,,,,,,,,,,,,,,,,,,,,,,,,,,,,,N,,,,,,,,,,,,,,,,,,,,,,,,,,,,,,,,,,2019/02/01,,,,,,,,,,,,,,,,,,,,,,,,,,,,,,,,,,,,,,,,,,,,,,,,,,,,,,,,,,,,,,,,,,,,
15145001,355,Item,21.62,,,,,,,,,,,,,,,,,N,1100-7760-3910-345-8570-00000-000-0000-00000-0000-000,,2019/02/01,,,,,,,,,,,,,,,,,,,,,,,,,,,,,N,,,,,,,,,,,,,,,,,,,,,,,,,,,,,,,,,,2019/02/01,,,,,,,,,,,,,,,,,,,,,,,,,,,,,,,,,,,,,,,,,,,,,,,,,,,,,,,,,,,,,,,,,,,,
15145001,356,Item,8.07,,,,,,,,,,,,,,,,,N,1100-7760-3910-345-8570-00000-000-0000-00000-0000-000,,2019/02/01,,,,,,,,,,,,,,,,,,,,,,,,,,,,,N,,,,,,,,,,,,,,,,,,,,,,,,,,,,,,,,,,2019/02/01,,,,,,,,,,,,,,,,,,,,,,,,,,,,,,,,,,,,,,,,,,,,,,,,,,,,,,,,,,,,,,,,,,,,
15145001,357,Item,12.15,,,,,,,,,,,,,,,,,N,1100-7760-3910-345-8570-00000-000-0000-00000-0000-000,,2019/02/01,,,,,,,,,,,,,,,,,,,,,,,,,,,,,N,,,,,,,,,,,,,,,,,,,,,,,,,,,,,,,,,,2019/02/01,,,,,,,,,,,,,,,,,,,,,,,,,,,,,,,,,,,,,,,,,,,,,,,,,,,,,,,,,,,,,,,,,,,,
15145001,358,Item,42.48,,,,,,,,,,,,,,,,,N,1100-7760-3910-345-8570-00000-000-0000-00000-0000-000,,2019/02/01,,,,,,,,,,,,,,,,,,,,,,,,,,,,,N,,,,,,,,,,,,,,,,,,,,,,,,,,,,,,,,,,2019/02/01,,,,,,,,,,,,,,,,,,,,,,,,,,,,,,,,,,,,,,,,,,,,,,,,,,,,,,,,,,,,,,,,,,,,
15145001,359,Item,151.61,,,,,,,,,,,,,,,,,N,1100-7760-3910-345-8570-00000-000-0000-00000-0000-000,,2019/02/01,,,,,,,,,,,,,,,,,,,,,,,,,,,,,N,,,,,,,,,,,,,,,,,,,,,,,,,,,,,,,,,,2019/02/01,,,,,,,,,,,,,,,,,,,,,,,,,,,,,,,,,,,,,,,,,,,,,,,,,,,,,,,,,,,,,,,,,,,,
15145001,360,Item,17.96,,,,,,,,,,,,,,,,,N,1100-7300-3910-531-1010-00000-000-0000-00000-0000-000,,2019/02/01,,,,,,,,,,,,,,,,,,,,,,,,,,,,,N,,,,,,,,,,,,,,,,,,,,,,,,,,,,,,,,,,2019/02/01,,,,,,,,,,,,,,,,,,,,,,,,,,,,,,,,,,,,,,,,,,,,,,,,,,,,,,,,,,,,,,,,,,,,
15145001,361,Item,39.47,,,,,,,,,,,,,,,,,N,1100-7760-3910-345-8570-00000-000-0000-00000-0000-000,,2019/02/01,,,,,,,,,,,,,,,,,,,,,,,,,,,,,N,,,,,,,,,,,,,,,,,,,,,,,,,,,,,,,,,,2019/02/01,,,,,,,,,,,,,,,,,,,,,,,,,,,,,,,,,,,,,,,,,,,,,,,,,,,,,,,,,,,,,,,,,,,,
15145001,362,Item,13.09,,,,,,,,,,,,,,,,,N,1100-7760-3910-345-8570-00000-000-0000-00000-0000-000,,2019/02/01,,,,,,,,,,,,,,,,,,,,,,,,,,,,,N,,,,,,,,,,,,,,,,,,,,,,,,,,,,,,,,,,2019/02/01,,,,,,,,,,,,,,,,,,,,,,,,,,,,,,,,,,,,,,,,,,,,,,,,,,,,,,,,,,,,,,,,,,,,
15145001,363,Item,16.71,,,,,,,,,,,,,,,,,N,1100-7760-3910-345-8570-00000-000-0000-00000-0000-000,,2019/02/01,,,,,,,,,,,,,,,,,,,,,,,,,,,,,N,,,,,,,,,,,,,,,,,,,,,,,,,,,,,,,,,,2019/02/01,,,,,,,,,,,,,,,,,,,,,,,,,,,,,,,,,,,,,,,,,,,,,,,,,,,,,,,,,,,,,,,,,,,,
15145001,364,Item,435.65,,,,,,,,,,,,,,,,,N,1100-7760-3910-345-8570-00000-000-0000-00000-0000-000,,2019/02/01,,,,,,,,,,,,,,,,,,,,,,,,,,,,,N,,,,,,,,,,,,,,,,,,,,,,,,,,,,,,,,,,2019/02/01,,,,,,,,,,,,,,,,,,,,,,,,,,,,,,,,,,,,,,,,,,,,,,,,,,,,,,,,,,,,,,,,,,,,
15145001,365,Item,10.69,,,,,,,,,,,,,,,,,N,1100-7760-3910-345-8570-00000-000-0000-00000-0000-000,,2019/02/01,,,,,,,,,,,,,,,,,,,,,,,,,,,,,N,,,,,,,,,,,,,,,,,,,,,,,,,,,,,,,,,,2019/02/01,,,,,,,,,,,,,,,,,,,,,,,,,,,,,,,,,,,,,,,,,,,,,,,,,,,,,,,,,,,,,,,,,,,,
15145001,366,Item,37.94,,,,,,,,,,,,,,,,,N,1100-7760-3910-345-8570-00000-000-0000-00000-0000-000,,2019/02/01,,,,,,,,,,,,,,,,,,,,,,,,,,,,,N,,,,,,,,,,,,,,,,,,,,,,,,,,,,,,,,,,2019/02/01,,,,,,,,,,,,,,,,,,,,,,,,,,,,,,,,,,,,,,,,,,,,,,,,,,,,,,,,,,,,,,,,,,,,
15145001,367,Item,43.44,,,,,,,,,,,,,,,,,N,1100-7760-3910-345-8570-00000-000-0000-00000-0000-000,,2019/02/01,,,,,,,,,,,,,,,,,,,,,,,,,,,,,N,,,,,,,,,,,,,,,,,,,,,,,,,,,,,,,,,,2019/02/01,,,,,,,,,,,,,,,,,,,,,,,,,,,,,,,,,,,,,,,,,,,,,,,,,,,,,,,,,,,,,,,,,,,,
15145001,368,Item,118.88,,,,,,,,,,,,,,,,,N,1100-7760-3910-345-8570-00000-000-0000-00000-0000-000,,2019/02/01,,,,,,,,,,,,,,,,,,,,,,,,,,,,,N,,,,,,,,,,,,,,,,,,,,,,,,,,,,,,,,,,2019/02/01,,,,,,,,,,,,,,,,,,,,,,,,,,,,,,,,,,,,,,,,,,,,,,,,,,,,,,,,,,,,,,,,,,,,
15145001,369,Item,96.25,,,,,,,,,,,,,,,,,N,1100-7760-3910-345-8570-00000-000-0000-00000-0000-000,,2019/02/01,,,,,,,,,,,,,,,,,,,,,,,,,,,,,N,,,,,,,,,,,,,,,,,,,,,,,,,,,,,,,,,,2019/02/01,,,,,,,,,,,,,,,,,,,,,,,,,,,,,,,,,,,,,,,,,,,,,,,,,,,,,,,,,,,,,,,,,,,,
15145001,370,Item,78.70,,,,,,,,,,,,,,,,,N,1100-7760-3910-345-8570-00000-000-0000-00000-0000-000,,2019/02/01,,,,,,,,,,,,,,,,,,,,,,,,,,,,,N,,,,,,,,,,,,,,,,,,,,,,,,,,,,,,,,,,2019/02/01,,,,,,,,,,,,,,,,,,,,,,,,,,,,,,,,,,,,,,,,,,,,,,,,,,,,,,,,,,,,,,,,,,,,
15145001,371,Item,22.76,,,,,,,,,,,,,,,,,N,1100-7760-3910-345-8570-00000-000-0000-00000-0000-000,,2019/02/01,,,,,,,,,,,,,,,,,,,,,,,,,,,,,N,,,,,,,,,,,,,,,,,,,,,,,,,,,,,,,,,,2019/02/01,,,,,,,,,,,,,,,,,,,,,,,,,,,,,,,,,,,,,,,,,,,,,,,,,,,,,,,,,,,,,,,,,,,,
15145001,372,Item,140.08,,,,,,,,,,,,,,,,,N,1100-7760-3910-345-8570-00000-000-0000-00000-0000-000,,2019/02/01,,,,,,,,,,,,,,,,,,,,,,,,,,,,,N,,,,,,,,,,,,,,,,,,,,,,,,,,,,,,,,,,2019/02/01,,,,,,,,,,,,,,,,,,,,,,,,,,,,,,,,,,,,,,,,,,,,,,,,,,,,,,,,,,,,,,,,,,,,
15145001,373,Item,46.15,,,,,,,,,,,,,,,,,N,1100-7760-3910-345-8570-00000-000-0000-00000-0000-000,,2019/02/01,,,,,,,,,,,,,,,,,,,,,,,,,,,,,N,,,,,,,,,,,,,,,,,,,,,,,,,,,,,,,,,,2019/02/01,,,,,,,,,,,,,,,,,,,,,,,,,,,,,,,,,,,,,,,,,,,,,,,,,,,,,,,,,,,,,,,,,,,,
15145001,374,Item,4.79,,,,,,,,,,,,,,,,,N,1100-7760-3910-345-8570-00000-000-0000-00000-0000-000,,2019/02/01,,,,,,,,,,,,,,,,,,,,,,,,,,,,,N,,,,,,,,,,,,,,,,,,,,,,,,,,,,,,,,,,2019/02/01,,,,,,,,,,,,,,,,,,,,,,,,,,,,,,,,,,,,,,,,,,,,,,,,,,,,,,,,,,,,,,,,,,,,
15145001,375,Item,12.48,,,,,,,,,,,,,,,,,N,1100-7300-3910-531-1010-00000-000-0000-00000-0000-000,,2019/02/01,,,,,,,,,,,,,,,,,,,,,,,,,,,,,N,,,,,,,,,,,,,,,,,,,,,,,,,,,,,,,,,,2019/02/01,,,,,,,,,,,,,,,,,,,,,,,,,,,,,,,,,,,,,,,,,,,,,,,,,,,,,,,,,,,,,,,,,,,,
15145001,376,Item,73.55,,,,,,,,,,,,,,,,,N,1100-7760-3910-345-8570-00000-000-0000-00000-0000-000,,2019/02/01,,,,,,,,,,,,,,,,,,,,,,,,,,,,,N,,,,,,,,,,,,,,,,,,,,,,,,,,,,,,,,,,2019/02/01,,,,,,,,,,,,,,,,,,,,,,,,,,,,,,,,,,,,,,,,,,,,,,,,,,,,,,,,,,,,,,,,,,,,
15145001,377,Item,96.06,,,,,,,,,,,,,,,,,N,1100-7760-3910-345-8570-00000-000-0000-00000-0000-000,,2019/02/01,,,,,,,,,,,,,,,,,,,,,,,,,,,,,N,,,,,,,,,,,,,,,,,,,,,,,,,,,,,,,,,,2019/02/01,,,,,,,,,,,,,,,,,,,,,,,,,,,,,,,,,,,,,,,,,,,,,,,,,,,,,,,,,,,,,,,,,,,,
15145001,378,Item,188.23,,,,,,,,,,,,,,,,,N,1100-7760-3910-345-8570-00000-000-0000-00000-0000-000,,2019/02/01,,,,,,,,,,,,,,,,,,,,,,,,,,,,,N,,,,,,,,,,,,,,,,,,,,,,,,,,,,,,,,,,2019/02/01,,,,,,,,,,,,,,,,,,,,,,,,,,,,,,,,,,,,,,,,,,,,,,,,,,,,,,,,,,,,,,,,,,,,
15145001,379,Item,37.06,,,,,,,,,,,,,,,,,N,1100-7760-3910-345-8570-00000-000-0000-00000-0000-000,,2019/02/01,,,,,,,,,,,,,,,,,,,,,,,,,,,,,N,,,,,,,,,,,,,,,,,,,,,,,,,,,,,,,,,,2019/02/01,,,,,,,,,,,,,,,,,,,,,,,,,,,,,,,,,,,,,,,,,,,,,,,,,,,,,,,,,,,,,,,,,,,,
